Record Name:,Data Broker Registrationses,,,,,,,,,,,,,,,,,
Exported On:,"Jun 4, 2026 11:15 AM",,,,,,,,,,,,,,,,,
,,,,,,,,,,,,,,,,,,
Registration Number,Full Legal Name,Primary Physical Address,Data Broker Email Address,Website,Consumer Rights Link,Telephone Number,Contact Person,Categories of Data Processed and Transferred,Purchaser Credentialing Process,Data of a Known Child,Data of a Known Child - Additional Details,Data of a Known Child - Law Compliance,Number of Security Breaches,Security Breaches - Additional Details,Additional Information or Explanation,Authorized Person,Authorized Person Title,Submitted On
20260107,DisplayLogix LLC,"368 Old Palmetto Bluff Road, 368 Old Palmetto Bluff Road , Bluffton , SC , 29910 , United States",brandon@display-logix.com,www.display-logix.com,https://app.termly.io/policy-viewer/policy.html?policyUUID=e1b589c9-c7f6-47c3-a7b4-e57e3c79f883,8432904821,Brandon McKinley,"DisplayLogix processes and transfers the following specific categories of data:

Geolocation Data
Precise latitude/longitude coordinates derived from mobile device observations, including location timestamps, visit frequency data, and point-of-interest proximity signals.

Device Identifiers
Mobile Advertising IDs (MAIDs), including Apple IDFA and Google Advertising ID (GAID); IP addresses; device type; operating system; and browser type.

Household Demographic Data
Estimated age range; estimated gender; estimated household income range; estimated household size and composition; estimated home ownership status; estimated marital status; estimated presence of children in household; estimated education level; and estimated employment or occupational category.

Behavioral and Interest Data
Inferred consumer interest categories and lifestyle segments derived from observed location visitation patterns and advertising interaction history (e.g., retail category affinity, dining preferences, automotive interest).

Advertising Interaction Data
Ad impression records, ad click events, and conversion signals associated with anonymized device identifiers, used for campaign attribution and performance reporting.

All data is processed and transferred in encrypted or anonymized form for the purposes of digital advertising targeting, audience segmentation, footfall attribution, campaign analytics, and reporting. Consumers maintain the ability to opt out of data collection and use at any time via device-level settings or direct opt-out request.",Yes,No,,,0,,"Our identifiers are advertising-specific and user-resettable. They are not tied to a person's
name, phone number, email address, or other directly identifying personal information. They
exist to enable interest-based advertising while providing users a mechanism to opt out or reset
their advertising identity at any time. For all user-facing exports, device identifiers are stored and
processed in hashed form.",Brandon McKinley,Founder & President,6/2/2026
20260106,Beacon Territory Group LLC,"1224 GRAYLYNN DR , VESTAVIA HILLS , AL , 35216-2636 , United States",david@beaconterritory.com,https://www.beaconterritory.com/,https://www.beaconterritory.com/texas-privacy-rights/,2058090527,David McBrayer,"Beacon Territory Group, LLC processes and transfers consumer personal data consisting of residential property and homeowner records for owner-occupied single-family homes. The categories of personal data, by individual, are:

Identifiers — homeowner name.
Contact data — residential/property street address; telephone number, appended where available.
Real-property and household attributes — owner-occupancy status; single-family-residence designation; estimated or assessed home value (within a $200,000–$2,500,000 value band); year built / new-construction status; and recent-mover status.

Beacon does not process or transfer sensitive data: it handles no Social Security or government-identification numbers, no financial account or payment data, no precise geolocation data, no biometric or genetic data, no health data, and no data revealing racial or ethnic origin, religious beliefs, citizenship or immigration status, or sexual orientation.",Yes,No,,,0,,,David McBrayer,"Owner, Beacon Territory Group LLC",6/2/2026
20260105,"Urban Science Applications, Inc. ","400 RENAISSANCE CTR, SUITE 2900 , DETROIT , MI , 48243-1602 , United States",pachandra@URBANSCIENCE.com,www.urbanscience.com,https://www.urbanscience.com/privacy/,8003216900,Pavan Chandra,"General Personal Information: 
Identifiers - such as name, postal address, email address, and telephone numbers;  and 
Commercial information - such as records of products or services purchased, obtained, or considered, vehicle and product preferences, and other purchasing or consuming histories or tendencies.
",Yes,No,,,0,,,Pavan Chandra,Senior Manager,6/1/2026
20260104,Nyne.ai Corp,"1317 N San Fernando #334 , Burbank , TX , 91504 , United States",michael@nyne.ai,nyne.ai,https://nyne.ai/privacy-choices/,8186414575,Michael Fanous,"Nyne.ai Corp. processes and transfers the following categories of personal data that it did not collect directly from the individual to whom the data pertains:

Identifiers: name, business email address, business phone number, business mailing address, online identifiers, profile URLs, and account identifiers.
Professional and employment information: employer, job title, role, work history, professional profile information, and business affiliations.
Commercial information: business relationship, firmographic, and transaction-related data.
Internet and network activity information: limited device, log, and usage data associated with online sources.
Approximate geolocation: general location inferred from IP address or contained in source data (not precise geolocation).
Education information: where available from public, customer-provided, or other lawful sources.
Inferences and derived data: data-quality, confidence, and verification scores; classifications; matching and affiliation indicators; and other derived business or professional insights.

Data is sourced from public records and government databases, publicly available online and professional sources, commercial data providers, and business partners.",Yes,No,,,0,,,Michael Fanous,Co-Founder,5/31/2026
20260103,"Vendelux, Inc.","115 W 30TH ST , NEW YORK , NY , 10001-4010 , United States",ben@vendelux.com,vendelux.com,https://vendelux.com/privacy,3477034231,Ben Pfeifer,"Business contact information only including name, title, company and work email address.",Yes,No,,,0,,Vendelux aggregates business contact information that is generally publicly available for use in business-to-business sales and marketing activities.,Ben Pfeifer,Treasurer,5/30/2026
20260102,Teads Holding Co.,"111 W 19th St, Third Floor , New York  , NY , 10011 , United States",ob-privacy@teads.com,https://www.outbrain.com/privacy/,https://dsr.outbrain.com/recommendations-settings/home/en,447823771890,Alexia  Rosenberg,"Teads Holding Co. processes and transfers the following categories of personal data: 
1. User Data: Unique persistent identifiers including Cookie IDs, Mobile Advertising IDs and IP addresses. This data also includes associated technical metadata such as browser type, operating system, and engagement metrics used for personalised ad profiling, cross-device linking and campaign performance measurement. 
2. Business Partner Data: Identity and professional information collected during the registration and communication process for Teads' products. This includes names, company names and information necessary for contract management and service delivery. 
3. Marketing Data: Contact information including names and professional email addresses used for distributing newsletters, event management, and B2B marketing communications.
4. Employee Data: We process data for workforce management, including legal names, government identifiers (SSN/National Insurance numbers), demographic information, payroll and bank account details, performance evaluations, and health insurance/benefits records.",Yes,No,,,0,,,Katja Da Luz,Trainee Solicitor ,5/27/2026
20260101,Teads Inc.,"111 W 19th St, 3rd Floor , New York  , NY , 10011 , United States",dpo@teads.com,https://privacy-policy.teads.com/,https://privacy-policy.teads.com/,447823771890,Alexia Rosenberg,"Teads Inc. processes and transfers the following categories of personal data: 
1. User Data: Unique persistent identifiers including Cookie IDs, Mobile Advertising IDs, CTV IDs, and IP addresses. This data also includes associated technical metadata such as browser type, operating system, and engagement metrics used for personalised ad profiling, cross-device linking and campaign performance measurement. 
2. Business Partner Data: Identity and professional information collected during the registration and communication process for Teads' products. This includes names, company names and information necessary for contract management and service delivery. 
3. Marketing Data: Contact information including names and professional email addresses used for distributing newsletters, event management, and B2B marketing communications.
4. Employee Data: We process data for workforce management, including legal names, government identifiers (SSN/National Insurance numbers), demographic information, payroll and bank account details, performance evaluations, and health insurance/benefits records.",Yes,No,,,0,,,Katja Da Luz,Trainee Solicitor ,5/27/2026
20260100,Veraset LLC ,"127 S PEYTON ST , ALEXANDRIA , VA , 22314-2803 , United States",tax@veraset.com,https://www.veraset.com/,https://www.veraset.com/legal/do-not-sell-request,8185153432,Geoffrey  Prince,"The categories of data we process and transfer include:
Location information: Signals that indicate where a device has been over time, such as latitude and longitude coordinates and timestamps. This allows for analysis of movement patterns, visits to places, and general travel behavior.
Device identifiers: Randomized, pseudonymous identifiers assigned to a device (such as a mobile phone) that help us understand patterns over time without directly identifying an individual person.
Visit and place data: Information that infers when a device has visited a specific type of location (for example, a retail store, park, or airport), based on repeated location signals.
Home and work area estimates: Broad geographic areas where a device is most commonly located during nighttime or daytime hours, used to estimate general home and work regions. These are not precise addresses, but rather approximate areas.
Movement and travel patterns: Aggregated insights about how devices move between places, including common routes, frequency of visits, and travel distances.
Technical metadata: Supporting information such as timestamps, general device characteristics, and data quality indicators that help ensure the data can be accurately processed and analyzed.
We do not process direct identifiers such as names, email addresses, or phone numbers. We also do not attempt to identify specific individuals. All data is subject to review at onboarding and on an ongoing basis to ensure it meets our standards for transparency, consent, and responsible use.",Yes,No,,,0,,"Veraset, LLC vets all customers and their use cases before engagements. The use cases is additionally stipulated in contracts. This is
purposeful so that we only engage with companies that preserve privacy and act on the information correctly. Please also see our website and
very detailed policies.",Geoffrey Prince,CEO,5/18/2026
20260099,"Netunim, LLC dba DataShark","11303 E. Rocky Creek Rd , Crowley , TX , 76036 , United States",monica@datashark.net,www.countshark.net,http://www.countshark.net/grid_privacy/,8179197569,Monica O'Desky,"automotive modeling including name, address information, make, model, year of vehicle.",No,No,,,0,,,Monica O'Desky,Partner,4/27/2026
20260098,"AlikeAudience, INC.","440 N WOLFE ROAD  , SUNNYVALE , CA , 94085 , United States",privacy@alikeaudience.com,https://www.alikeaudience.com/,https://www.alikeaudience.com/privacy-policy/,14083208866,Bosco Ka Kin Lam,"Personal data (except Genetic data and Biometric data), Precise geolocation data, Deidentified data",Yes,No,,,0,,N/A,Howard Hsu,Legal consultant,5/8/2026
20260097,Scout Data Inc.,"30 N Gould St Ste N , Sheridan , WY , 82801-6317 , United States",compliance@scoutdata.com,scoutdata.com,https://store.scoutdata.com/privacy-rights,4696896476,Shadi Barhoumi,"Scout Data Inc. processes and transfers the following categories of personal and property data relating to residential property owners:                    
                  
Contact Information: Full names, residential mailing addresses, phone numbers, and email addresses.

Property and Real Estate Data: Parcel records including property type, square footage, year built, assessed value, and owner-occupancy status.
                                                                                
Permit and Construction Records: Building permit history including permit type (solar, roofing, HVAC, electrical, windows, remodeling), permit date, contractor name, and permit status.

Demographic and Household Data: Household income estimates, household size, age ranges, primary language spoken, heating fuel type, and home value estimates derived from census and public records.                             
                  
Energy and Utility Data: Electricity usage estimates, solar potential estimates, deregulated utility market eligibility (Texas), and historical power outage records tied to residential addresses.                           
                  
Environmental and Weather Event Data: Historical hail strike, wind damage, and storm event data associated with residential property locations.
                                                                                
Commercial Intent Signals: New mover records and advertising response history associated with residential property owners.

Data is compiled from public records and licensed third-party providers and is transferred to home services businesses for field sales prospecting and direct marketing purposes.",No,No,,,0,,,Shadi Barhoumi,CEO,5/5/2026
20260096,Zeta Global Corp.,"3 PARK AVE , NEW YORK , NY , 10016-5902 , United States",bhayes@zetaglobal.com,www.zetaglobal.com,www.zetaglobal.com/privacy-choices/,2023687202,Benjamin Hayes,"Zeta obtains consent from consumers to use data for marketing purposes and obtains email addresses directly from consumers or from companies who have obtained direct from the consumer.  It then appends data obtained from other data brokers to such email addresses, as well as inferences derived from page views obtained via Zeta cookies.  This data is used for personalized advertising on behalf of advertiser clients.  Zeta does not outright sell data to third parties apart from a handful of one-off transactions, rather, Zeta utilizes the data it has collected to power marketing decisioning and insights for advertisers.  This involves matching data between Zeta and advertiser within Zeta's secure environment.  Zeta clients can utilize Zeta's data while using Zeta's platform, but cannot extract any Zeta data for their own longer-term use.",Yes,No,,,0,,"Zeta maintains a legal compliance program to comply with privacy laws.  This program is led by an experienced Chief Privacy Officer, and adheres to the standards for effective compliance programs set forth in the U.S. Sentencing Guidelines, including: written policies and procedures, staff training and awareness, privacy by design, ongoing monitoring and remediation, and a cycle of continuous improvement.  Zeta does not differentiate between different jurisdictions in regards to privacy rights but extends rights of access, deletion, and opt-out from data sharing and marketing to all people worldwide.",Benjamin Hayes,Chief Privacy Officer,5/1/2026
20260095,Dealfront Finland Oy,"Kalevankatu 6
Helsinki, Helsinki, 00100
FINLAND",privacy-team@leadfeeder.com,https://www.leadfeeder.com/,https://www.leadfeeder.com/privacy/us-privacy-disclosure/,35810279294,Hannah Lee-Wunderlich,"Dealfront Finland Oy collects, processes, and transfers personal data relating to individuals acting in a professional or business capacity. The majority of data is sourced from publicly available information, including company websites, professional directories, commercial and trade registers, job boards, and open academic and research databases. The following categories of personal data are processed:

Identifiers: name, business email address, business telephone number, IP address
Professional and employment information: job title, department, employer name
Internet or network activity: company-level website visit data identified through the registrant's visitor-identification technology
Geolocation data: country and region derived from IP address (not precise geolocation).
Inferences: professional attributes derived from the above categories and from publicly available sources

Dealfront Finland Oy does NOT collect, process, or transfer sensitive personal information such as racial or ethnic origin, religious beliefs, mental or physical health data, sexual orientation, immigration status, genetic or biometric data, precise geolocation, or personal data of known minors.",Yes,No,,,0,,"Data processed is limited to professional context: name, job title, department, employer, business email address, business phone number, and country-level location. ",Hannah Lee-Wunderlich,General Counsel,3/31/2026
20260094,Dealfront Group GmbH,"Durlacher Allee 73
76131 Karlsruhe, Germany ",privacy-team@leadfeeder.com,https://www.leadfeeder.com/,https://www.leadfeeder.com/privacy/us-privacy-disclosure/,4972198191256,Hannah Lee-Wunderlich,"Dealfront (dba Leadfeeder) collects, processes, and transfers personal data relating to individuals acting in a professional or business capacity. The majority of data is sourced from publicly available information, including company websites, professional directories, commercial and trade registers, job boards, and open academic and research databases. The following categories of personal data are processed:

Identifiers: name, business email address, business telephone number, IP address
Professional and employment information: job title, department, employer name
Internet or network activity: company-level website visit data identified through the registrant's visitor-identification technology
Geolocation data: country and region derived from IP address (not precise geolocation).
Inferences: professional attributes derived from the above categories and from publicly available sources

Leadfeeder does NOT collect, process, or transfer sensitive personal information such as racial or ethnic origin, religious beliefs, mental or physical health data, sexual orientation, immigration status, genetic or biometric data, precise geolocation, or personal data of known minors.",Yes,No,,,0,,"Data processed is limited to professional context: name, job title, department, employer, business email address, business phone number, and country-level location. ",Hannah Lee-Wunderlich,General Counsel,3/31/2026
20260093,"HGOnline, LLC","14716 LITTLE ANNE DR , LITTLE ELM , TX , 75068-2770 , United States",Shane@tripwiredata.com,tripwiredata.com,https://www.tripwiredata.com/texas-data-broker-notice,9728325836,Shane Hendel,"Tripwire Data processes and transfers data derived exclusively from government public records, business-registration filings, and regulatory disclosures relating to newly forming, newly registered, and newly licensed Texas businesses. Categories:
Business identifiers: legal name; DBA/assumed names; entity type (LLC, corporation, partnership, sole proprietorship, etc.); taxpayer and entity-charter numbers; permit, license, and registration numbers; formation, registration, and issuance dates.
Contact information: mailing addresses; physical business and premises addresses; business phone numbers; business email addresses where publicly disclosed.
Industry classification: NAICS codes; business activity descriptions; license and permit categories.
Business principals: names of officers, directors, managers, and members of registered entities; names and addresses of registered agents; for sole proprietorships, the owner's name and contact information as disclosed in the underlying public registration.
Operational and regulatory status: license, permit, and registration type; effective, issue, and expiration dates; status indicators (active, inactive, cancelled, surrendered); use classifications on certificates of occupancy.
Construction activity: building-permit records including project addresses, scope descriptions, issue dates, and permit valuations, where publicly disclosed by municipal or county authorities; contractor names and license numbers on those records.
Tripwire Data does not process or transfer Social Security numbers, driver's license numbers, financial-account or payment-card information, consumer credit information, health or medical information, biometric identifiers, precise geolocation data, or data concerning minors.
All categories are derived solely from information lawfully disclosed to the public by Texas state, county, and municipal authorities.",No,No,,,0,,"Tripwire Data operates as a Texas-based B2B intelligence platform. Our sole purpose is to identify newly forming, newly registered, and newly licensed businesses in Texas and deliver that information to paying business subscribers (insurance agents, accountants, contractors, and commercial suppliers) who sell products and services to those businesses.
Collection practices: All data is collected directly from government sources that affirmatively publish the underlying records, including bulk file downloads, open-data APIs, and regulatory agency portals. Tripwire Data does not scrape protected or paywalled sources, does not bypass access controls, does not purchase data from third-party resellers, and does not collect data from social media, web tracking, cookies, mobile devices, or consumer surveillance tools.
Subject-matter scope: The data relates to businesses and the individuals acting on behalf of those businesses in a commercial capacity (as owners, officers, registered agents, licensees, or contractors). Tripwire Data does not knowingly collect, process, or transfer personal data about Texas residents acting in an individual or household context, and does not build consumer profiles.
Recipients: Recipients are paying business subscribers bound by written terms that restrict use to lawful B2B outreach, prohibit redistribution or resale, and prohibit use for consumer-credit, housing, insurance-underwriting, employment, or other FCRA-regulated decisions.
Safeguards: Tripwire Data honors consumer rights requests under the TDPSA — including access, correction, deletion, portability, and opt-out — and responds within statutory timelines. A public-facing Texas Data Broker Notice is maintained at tripwiredata.com/texas-data-broker-notice explaining how residents can exercise these rights.
Retention: Records are refreshed from their sources on a recurring schedule. Outdated or withdrawn records are updated or suppressed as source data changes.",Shane Hendel,Managing Member,4/20/2026
20260092,"Marriott International, Inc.","7750 WISCONSIN AVE , BETHESDA , MD , 20814-3522 , United States",privacy@marriott.com,https://www.marriott.com/default.mi,https://www.marriott.com/about/privacy.mi ,18002189316,Chris Norton,"General Identifying Information: such as full name, postal address, e-mail address, telephone number, social media account ID, profile photos and other data made publicly available.

Demographic Information and Important Dates: such as gender, language preferences, nationality, birthdays, anniversaries, or special occasions.

Government-Issued Identification: such as passport, visa, or other government-issued identification, where required for travel or legal compliance.

Financial Information: such as credit, debit, or other payment data.

Loyalty Program Information: such as membership details, co-branded payment cards information, and travel partner program affiliations.

Travel and Reservation Information: such as prior stays or interactions, goods and services purchased, special service and amenity requests, travel itinerary, tour group information, activity data, or employer details for business-related bookings.

Health-Related Information: limited information collected in connection with providing spa, wellness, or beauty services.

Claims and Incident Information: such as insurance information, emergency contacts, complaints, or employment details.

In more limited circumstances, Marriott may also collect: 
1. Data about family members and companions (including names, and ages of children); 
2. Biometric data; 
3. Images, videos, and audio data;
4. Customer preference information (e.g., interests, food and beverage preferences, room and stay preferences); and
5. Other non-directly identifying data, such as system data, IP address, precise location-based services, cookies and similar technologies, and app activity and usage data.",Yes,Yes,"Marriott collects the personal data of known children for limited, specific purposes, most notably for participation 
in our Kids Clubs at a small subset of properties. ","Collection occurs with informed parental consent and is limited to personal data reasonably necessary for the child’s 
participation in the program. Marriott does not sell the personal data of known children or use such data to serve targeted advertising. Any disclosures of children’s personal data, if applicable, are limited to service providers acting on Marriott’s behalf and solely to support the relevant program, subject to contractual restrictions. Marriott maintains administrative, technical, and physical safeguards designed to protect children’s personal data and retains such data only for as long as necessary to fulfill the purposes identified when parental consent was obtained.",0,,"For additional information regarding how Marriott International, Inc. processes and transfers personal data, see Marriott's Global Privacy Statement, available at:
https://www.marriott.com/about/privacy.mi#data-we-collect",Courtney Barton,Managing Vice President & Assistant General Counsel,4/18/2026
20260091,"Gather Analytics, LLC","200 BROADWAY , NEW YORK , NY , 10038-2595 , United States",privacy@gatheranalytics.co,https://www.gatheranalytics.co/,https://www.gatheranalytics.co/privacy,18002906826,Meital Waibsnaider,"Online Internet Activity, Name, Contact Information",No,No,,,0,,,Zane Witherspoon,Authorized Registrant,4/21/2026
20260090,"Warmly, Inc.","1321 UPLAND DR , HOUSTON , TX , 77043-4718 , United States",privacy@warmly.ai,warmly.ai,https://www.warmly.ai/p/privacy-policy,4042931239,Samantha Perkins,"Name, Email, Phone number, Internet activity",No,No,,,0,,,Zane Witherspoon,Authorized Registrant,4/21/2026
20260089,MobileFuse LLC,"10 JOSS WAY , MILLINGTON , NJ , 07946-1213 , United States",danb@mobilefuse.com,https://mobilefuse.com,https://mobilefuse.com/privacy-policy,5164699430,Dan Barnett,"Digital advertising identifiers, hashed emails, location, year of birth, gender",Yes,No,,,0,,,Dan Barnett,"EVP, Engineering",4/20/2026
20260088,"Vintory, LLC","1103 SOMERSET PL , LUTHERVILLE , MD , 21093 , United States",brooke@vintory.com,www.vintory.com,https://www.vintory.com/privacy-policy/,4104583900,David Brooke  Pfautz,"Names, mailing addresses, email addresses, and phone numbers of short-term rental property owners, as well as property details and amenity information.",Yes,No,,,0,,"Vintory is a B2B data platform that provides property management companies with contact information for short-term rental property owners, including names, mailing addresses, email addresses, and phone numbers. Data is sourced from publicly available records and licensed third-party data sources. PIPER does not collect data directly from consumers and does not sell data for consumer credit, employment, or insurance purposes",David Brooke Pfautz,CEO,4/17/2026
20260087,"Dataman Group, Inc","22594 Lemon Tree Lane , Boca Raton , FL , 33428-5512 , United States",dale@datamangroup.com,www.datamangroup.com,https://www.datamangroup.com/privacy/,5614519302,DALE FILHABER,"Dataman Group Direct  (Dataman Group, Inc)  is a provider of marketing data and audience targeting solutions. We do not collect personal data directly from consumers. We license and resell data from third-party providers. Our services support marketing, outreach, and lead generation

Types of Data Provided:
Consumer name and postal address
Household demographics (modeled and compiled)
Property and homeownership data
Lifestyle and interest-based segments (modeled)
Contact data (phone/email where available)

Some segments may include modeled cultural or affinity indicators derived from:
Name patterns
Geographic concentration
Aggregated public and survey-based inputs

Dataman Group Inc recognizes that certain data categories (e.g., religion, ethnicity) may be considered sensitive under applicable laws:
Such data is modeled, not self-reported
It is intended for marketing relevance and community outreach
It is not used for eligibility, decisioning, or exclusionary practices

Dataman Group, Inc provides data for:
Direct mail marketing
Email marketing
Telemarketing (where permitted)
Community and nonprofit outreach",Yes,No,,,0,,"Dataman Group Direct operates as a provider of third-party marketing data and does not collect personal data directly from consumers. The company is committed to responsible data practices, including transparency, data minimization, and appropriate use of modeled and aggregated data for marketing and outreach purposes.",Dale Filhaber,CEO,4/15/2026
20260086,Aluum LLC d/b/a Gateway Data,"2150 N 1ST ST STE 400 PMB 3050 , SAN JOSE , CA , 95131-2043 , United States",systems@gatewaydata.io,gatewaydata.io,https://www.gatewaydata.io/privacy/privacy-policy,4804427603,Tom Donahue,"Gateway processes and transfers the following categories of personal data (as defined in Tex. Bus. & Com. Code §509.001(11)):

Contact and identification information: Names, postal addresses, email addresses, phone numbers, social media profiles
Demographic information: Age, date of birth, gender
Professional and employment information: Job titles, employer names
Education information: universities attended, majors, degrees
Online identifiers: IP addresses, cookie identifiers, device identifiers, browsing/behavioral data",Yes,No,,,0,,Please see privacy policy here: https://www.gatewaydata.io/privacy/privacy-policy,Tom Donahue,CEO,4/16/2026
20260085,"365DataSolutions, LLC","3250 BONITA BEACH RD # 205-213 , BONITA SPRINGS , FL , 34134-4190 , United States",srusso@365datasolutions.com,www.365datasolutions.com,https://365datasolutions.com/privacy,8476130486,Steven Russo,"365 DataSolutions provides information and verification services to commercial clients using publicly available information and commercially licensed data sources.

The categories of data processed and transferred may include:

- Personal identifiers, such as name and alias information  
- Contact information, including current and historical addresses and, where available, phone numbers and email addresses  
- Public records information, including property records, court records, and other publicly available records  
- Business and employment-related information, where available from authorized sources  
- Financial verification indicators, including bank account verification status or related indicators derived from authorized sources  
- Other verification-related data elements used to support identity, location, or background-related inquiries  

Data is obtained from publicly available records and authorized third-party data providers.

365 DataSolutions, LLC provides this information to commercial clients for legitimate business purposes, including verification, research, and other lawful activities. The company does not provide personal information for marketing, advertising, or general consumer profiling purposes.",Yes,No,,,0,,"365 DataSolutions provides information and verification services to commercial clients using a combination of publicly available information and commercially licensed data sources.

Certain data elements processed by 365 DataSolutions consist of publicly available records, such as property records, court records, and other non-regulated information. In addition, the company may process limited verification-related data elements, including bank account verification indicators and employment-related information, obtained from authorized sources.

365 DataSolutions processes and provides this information solely for legitimate business purposes, including identity verification, research, and other lawful activities. The company does not provide personal information for marketing, advertising, or general consumer profiling purposes.

All data is obtained from authorized sources and provided to commercial clients in accordance with applicable law.",Steven Russo,CEO,4/15/2026
20260084,"USADATA, Inc.","875 3RD AVE FL 6A , NEW YORK , NY , 10022-7203 , United States",privacy@usadata.com,www.usadata.com,https://www.usadata.com/privacy-policy,2126791411,Farooq Murtaza,"Consumer Data
Contact details (names, postal addresses, email addresses, phone numbers)
Demographic and psychographic attributes (age, income, interests)
Geographic and lifestyle information (location, homeowner status)

Business Data
Company name, address, and contact details
Firmographic details (industry, company size, revenue, employee count)
Location-based data and office branches",Yes,No,,,0,,"USADATA does not compile its own data; rather, it operates as a data reseller by acquiring consumer and business information from external data compilers and third-party sources for redistribution to its clients.",Farooq Murtaza,VP Media & IT,4/7/2026
20260083,Factori Technologies Pte Ltd. ,"80 Raffles Place, #54-01/02 UOB Plaza, Singapore-048624",privacy@factori.ai,https://factori.ai/,https://factori.ai/privacy-policy/,6597270234,Vanya Srikant,"The company processes geolocation and mobility data collected via software development kits (SDKs) integrated into partner mobile applications. This includes device-generated location signals, time-stamped location history, and associated device and network identifiers such as mobile advertising IDs and IP addresses. The company also processes derived and modeled data based on mobility patterns and may use aggregated and/or de-identified datasets for analytics purposes.",Yes,No,,,0,,,Vanya Srikant,Sr. Legal Officer,4/2/2026
20260082,NFocus Consulting Inc,"1594 HUBBARD DR , LANCASTER , OH , 43130-8124 , United States",consumer@n-focus.com,https://www.n-focus.com/,https://www.n-focus.com/do-not-sell-or-share-my-personal-information/,7406545809,Sarah Kanavel,"The categories of data we process and transfer include: (Please note that examples may not be applicable to every individual.)

Personal Identifiers (e.g., name, birth year, mailing address, phone number, voter registration); 

Financial Information (e.g., loan type, mortgage amount, lender name); 

Characteristics of Protected Classifications (e.g., gender, age, marital status, veteran status); 

Commercial Information (e.g., property location & characteristics, dwelling type, property value, vehicle make/model/year, move-in date ); 

Employment/Professional Information (e.g., occupation); 

Health Information (e.g., ailments); 

Internet & network information (e.g., browsing history, IP address, data collected by cookies and similar technologies, Site interactions, device information such as device IDs, specifications, and operating system); 

Geolocation Data (e.g., latitude & longitude of residence); 

Inferences drawn from the above categories of Personal Information that relate to your preferences, characteristics, psychological trends, predispositions, behavior, attitudes, intelligence, abilities, and aptitudes (e.g., value scores, net worth models, interests, familial relationships, milestones such as engagement or pregnancy, purchase likelihood models). ",Yes,No,,,0,,,Sarah Kanavel,Operations Project Manager,4/6/2026
20260081,Propbot LLC,"5900 BALCONES DR STE 100 , AUSTIN , TX , 78731-4298 , United States",support@propbotusa.com,https://propbotusa.com/,https://propbotusa.com/consumer-rights,4699330340,Evan  Whinery ,"Categories of Data Processed and Transferred

1. Personal Identifiers

Full name
Email address
Phone number
Mailing address

2. Account & Authentication Data

Username
Password
Profile information (e.g., profile picture)

3. Financial & Payment Information

Credit card details
Billing address
Payment transaction data

4. Technical & Device Data

IP address
Browser type
Operating system
Device model

5. Usage & Activity Data

Pages visited
Time spent on the platform
Links clicked
Interaction with services

6. Cookies & Tracking Data

Cookies
Web beacons
Similar tracking technologies used for analytics and performance monitoring

7. Service-Generated / Shared Data

Property-related information (e.g., job site address when requesting quotes)
User-submitted information for service requests
Contact details shared with third-party service providers for estimates/quotes",Yes,No,,,0,,,Alex Jensen,Managing Member,3/30/2026
20260080,"JG Media, Inc.","16225 IMPACT WAY , PFLUGERVILLE , TX , 78660-4403 , United States",dev@communityimpact.com,https://communityimpact.com/,https://communityimpact.com/consumer-rights,5129896808,Joel Rothrock,"Contact information constituting personal identifying information under Tex. BCC § 509.001(6): email address, full name, physical and mailing address, and telephone number.  ",Yes,No,,,0,,,Joel Rothrock,Sr Data Engineer,3/25/2026
20260079,"Neustar IP Intelligence, Inc.","555 W ADAMS ST , CHICAGO , IL , 60661-3719 , United States",privacy@transunion.com,http://www.transunion.com/,https://www.transunion.com/consumer-privacy,8663108783,David Healy,"Categories of personal data which may be collected: Identifiers (name, address, phone number, email); Sensitive data: (government identifiers, Social Security numbers, racial or ethnic origin, religious or philosophical beliefs, precise geolocation date); Commercial data; Customer Relationship Management data; Inferences drawn from other Personal Data; Internet or other similar electronic network activity; Pseudonymous IDs (information linked to devices, cookies, MAIDs, IP addresses); Geolocation Data",Yes,No,,,0,,"Data broker may sell/share categories of Personal Information (except government identifiers and precise geolocation data) to third parties, e.g., customers, in connection with the delivery of our services: Marketing Solutions, Risk Solutions, and Communications Solutions.
To opt out of receiving marketing messages, visit: https://dmachoice.thedma.org/; www.networkadvertising.org/managing/opt_out.asp; https://optout.aboutads.info. 
Data broker also offers opt-out and data privacy rights regarding online and offline data consistent with comprehensive privacy laws in applicable states; more information is available at https://www.transunion.com/privacy/neustar.",David Healy,US Privacy Operations,2/27/2026
20260078,"Worldwide Information, LLC","100 Cummings Center-331A , Beverly , MA , 01915 , United States",srusso@worldwideinformation.com,www.worldwideinformation.com,https://worldwideinformation.com/privacy-rights/,8476130486,Steven Russo,"Worldwide Information, LLC. (“WWI”) provides vehicle-related information services to commercial clients.
WWI obtains personal information primarily from motor vehicle records and, in certain states where WWI lawfully provides services, may supplement that information with limited address and phone data from authorized third-party sources.
WWI processes personal information solely for legally permissible purposes, including those permitted under the Driver’s Privacy Protection Act (18 U.S.C. § 2721 et seq.), such as parking enforcement, toll enforcement, debt collection, fraud prevention, and security-related activities.

WWI does not sell personal information for marketing, advertising, or general consumer profiling purposes and does not maintain a consumer marketing database.
WWI retrieves information on a per-request basis and does not maintain a persistent consumer database. All data is provided to commercial clients who certify a permissible use under applicable law.",Yes,No,,,0,,"Worldwide Information, LLC (“WWI”) provides vehicle-related information services to commercial clients.
WWI obtains personal information primarily from motor vehicle records and, in certain states where WWI lawfully provides services, may supplement that information with limited address and phone data from authorized third-party sources.
WWI processes personal information solely for legally permissible purposes, including those permitted under the Driver’s Privacy Protection Act (18 U.S.C. § 2721 et seq.), such as parking enforcement, toll enforcement, debt collection, fraud prevention, and security-related activities.
WWI does not sell personal information for marketing, advertising, or general consumer profiling purposes and does not maintain a consumer marketing database.
WWI provides data only to commercial clients who certify a permissible use under applicable law.",Steven R. Russo,President/CEO,3/23/2026
20260077,"LightBox Parent, L.P.","6 ARMSTRONG RD , SHELTON , CT , 06484-4722 , United States",jfranks@lightboxre.com,lightboxre.com,https://www.lightboxre.com/lightbox-individual-data-rights-request/,9495846204,Jennifer Franks,"Names, phone numbers and addresses for commercial and residential real estate",No,No,,,0,,,Jennifer Franks,Assistant Secretary,3/24/2026
20260076,"Trelize, LLC","14710 Constellation Cir E , Willis , TX , 77 , United States",support@trelize.com,Trelize.com,https://trelize.com/data-rights,2812247389,Carl Mixon,"TRELIze LLC acts as a controller with respect to subscriber personal data, and processes two categories of data:
1. Public Records Data (not ""personal data"" under § 509.001)
TRELIze collects and processes real property information sourced entirely from Texas public records, including: Harris County Clerk filings (probate case records, foreclosure notices, lien instruments, trustee sale notices, lis pendens filings); and Harris County Appraisal District (HCAD) records (property addresses, appraised values, owner names, owner mailing addresses, property classifications, exemption status, building characteristics). This data constitutes publicly available information as defined under § 509.001 and is therefore not ""personal data"" subject to the TDPSA. TRELIze does not transfer this category of data to third parties.
2. Subscriber Personal Data (subject to § 509 definitions)
TRELIze collects and processes personal data from individuals who create an account or purchase a subscription, including: name, email address, phone number, and payment information. TRELIze is the controller of this data. TRELIze engages the following processors who process subscriber personal data solely on TRELIze's behalf and at TRELIze's direction: Postmark (transactional email delivery — receives subscriber email addresses); Twilio (SMS delivery — receives subscriber phone numbers); Stripe (payment processing — receives subscriber payment card data; TRELIze does not store card numbers). TRELIze does not sell subscriber personal data, does not process it for targeted advertising, and does not use it for profiling that produces legal or similarly significant effects.",Yes,No,,,0,,"TRELIze LLC operates a real estate lead intelligence platform that monitors Harris County, Texas public records on behalf of licensed real estate investors and professionals. The platform aggregates publicly available court and property records — probate filings, foreclosure notices, lien instruments, and trustee sale notices — and presents them in a structured format to assist subscribers in identifying motivated sellers.
The personal data TRELIze processes from subscribers (name, email, phone, payment information) is used solely to operate the subscription service and deliver the product. TRELIze does not sell, rent, or share subscriber personal data with third parties for their independent use. Service providers who receive subscriber data (Postmark, Twilio, Stripe) are contractually limited to processing that data on TRELIze's behalf.
The underlying property and public records data processed by TRELIze is sourced exclusively from Texas government agencies — the Harris County District Clerk, Harris County Clerk, and Harris County Appraisal District — and constitutes publicly available information under Texas law. TRELIze does not acquire personal data from data brokers, data aggregators, or commercial data providers.
Consumer data rights requests may be submitted to mailto:privacy@trelize.com. Full consumer rights disclosure: https://trelize.com/data-rights. Full privacy policy: https://trelize.com/privacy",Carl Mixon,President,3/20/2026
20260075,Opensend Inc,"2620 REGATTA DR , LAS VEGAS , NV , 89128-6892 , United States",privacy@opensend.com,opensend.com,https://www.opensend.com/privacy-policy,7025532333,Dahn Tamir,"Name
Email address (only when known to Seller from prior partner consent)
IP address (transiently logged for compliance and audit logging)
Web session activity and behavioral data (e.g., site interactions, browser/session metadata)
Cookie identifiers or similar tracking IDs.
Postal address",Yes,No,,,0,,"We provide identification of previously unknown visitors to our Client's web properties by matching website activity against our proprietary marketing network. We process website visitor data by receiving signals from embedded JavaScript on our Client's sites, recognizing users from its own database, verifying deliverability, and supplying the identified email addresses (and associated session activity) to our Client for marketing purposes. No direct processing of our Client's customer-provided data occurs—processing is limited to what Client already possesses or gathers via tracking pixel for identification and transient analytics.",Dahn Tamir,CEO and Founder,3/12/2026
20260074,Wednesday LLC,"1020 E MOHAWK AVE , TAMPA , FL , 33604-7214 , United States",jamal@wednes.day,https://wednes.day/,https://wednes.day/privacy/texas,4157107491,Jamal Bara,"We collect, process, and transfer contact information for licensed trade professionals (electricians, contractors) sourced from publicly available state licensing databases and third-party data enrichment services.
                                                                                                                                                       
  Categories include:                                                                                                                                  
                                                                                                                                                       
  1. Identifiers: Full name, phone number(s), email address(es), physical address                                                                      
  2. Professional Information: State license number, license type/class, license status, license expiration date, trade category
  3. Employment Information: Company name, job title (when available) 

Data is verified through third-party phone validation and email deliverability services before being transferred to business clients for recruiting and business development purposes. 

We do not knowingly collect data on individuals under 18 years of age.",Yes,No,,,0,,,Jamal Bara,Founder,3/10/2026
20260073,"Pen-Link, Ltd.","3400 PLANTATION DR , LINCOLN , NE , 68516-5199 , United States",dan.smith@penlink.com,penlink.com,https://www.penlink.com/your-privacy-choices/,4024218857,Daniel Smith,"Name, contact information, online identifiers, date of birth, social media profile information and precise geolocation",Yes,No,,,0,,Consumers may opt out of the disclosure of their personal information to our customers by filling out the form located at https://www.penlink.com/your-privacy-choices/,Daniel Smith,CFO,3/12/2026
20260072,Exact Opco LLC,"552 7TH AVE, Suite 401 , NEW YORK , NY , 10018-3202 , United States",mkeilson@wtlaw.com,www.exactcustomer.com,https://exactcustomer.com/privacy-policy/,3054983216,Matt Keilson,Names and email addresses provided by consumers.,Yes,No,,,0,,,Matt Keilson,Outside Counsel,3/18/2026
20260071,JJGarrett Holdings LLC dba Community Impact Printing,"16121 Impact Way , Pflugerville , TX , 78660 , United States",dludwick@communityimpact.com,ciprinting.com,https://ciprinting.com/privacy/,5126151299,David Ludwick,Name and Address. CIP is a commercial printing and mailing company that resells mailing lists containing personal data not collected directly from the individuals identified in those lists.,No,No,,,0,,"Community Impact Printing acquires mailing lists on behalf of clients as part of a print/mail production engagement.
The data is used exclusively to produce and deliver physical mail pieces.
In the vast majority of engagements, clients never receive the raw data — Community Impact Printing retains and manages it.
Community Impact Printing does not sell or license the data itself on the open market.",David Ludwick,VP of Printing,3/9/2026
20260070,American Treasury Tax Solutions Inc,"10155 Plano Rd, Suite 107 , DALLAS , TX , 75238 , United States",americantresurytaxsolutions@gmail.com,https://www.americantreasurytaxsolutions.com/,https://www.americantreasurytaxsolutions.com/,4697929494,Daisy Flores,"Business Entity Information
Legal business name
Assumed business name (DBA)
Entity type and formation details
Texas SOS file number
Registered agent name and address
Principal office address
Ownership and Management Information
Names of owners, members, managers, officers, or partners
Titles and roles
Dates of appointment or removal
Ownership percentages (if applicable)
Contact Information
Business mailing address
Email addresses
Telephone numbers
Government Identification Numbers
Employer Identification Number (EIN)
State tax identification numbers
Franchise tax account numbers
Financial and Tax-Related Information
Tax classification elections
Filing status information
Payment confirmations related to state filing fees or taxes
Compliance and Filing Records
Certificates of formation, amendments, and terminations
Annual or periodic reports
Correspondence with state and federal agencies
Authorized Signatory Information
Name and title of authorized representatives
Signatures submitted electronically or in writing",Yes,No,,,0,none,"The data broker collects personal information from publicly available sources, consumer submissions, and authorized third parties for marketing, analytics, and business purposes. All data is stored securely, handled in compliance with Texas and federal law, and is not sold or shared unlawfully. Procedures are in place to address security breaches and notify authorities if required.",Daisy G Flores,Notary Public Agent,1/23/2026
20260069,"Walla Media, LLC","1013 CENTRE RD , WILMINGTON , DE , 19805-1270 , United States",lisa@therooftop.io,wallamedia.com,consumerdataprotect.com,8184443006,Kapil Juneja,"We manage 3rd-party data for email marketing purposes. We may receive, for management, name, email,
IP address, device ID, general geolocation, and publicly available information.",No,No,,,0,,,Kapil Juneja,Manager,2/24/2026
20260068,"Datalink Services, Inc.","555 W ADAMS ST , CHICAGO , IL , 60661-3719 , United States",Privacy@transunion.com,www.imvrs.transunion.com,https://www.transunion.com/consumer-privacy ,8663108783,David Healy," Identifiers (name, DOB, address, phone number, email, vehicle identification numbers); Sensitive Data (government identifiers, Social Security numbers)",Yes,No,,,0,,"Datalink Services may sell/share categories of Personal Data (except government identifiers, biometric, education, sensory, and precise geolocation data) to third parties, e.g., customers, in connection with the delivery of our services.

To opt out of receiving marketing messages, visit: https://dmachoice.thedma.org/; www.networkadvertising.org/managing/opt_out.asp; https://optout.aboutads.info. 

Datalink Services also offers opt-out and data privacy rights consistent with comprehensive privacy laws in applicable states; more information is available at https://www.transunion.com/privacy.",David Healy,US Privacy Operations,2/27/2026
20260067,"TRUSTID, Inc.","555 W ADAMS ST , CHICAGO , IL , 60661-3719 , United States",privacy@transunion.com,http://www.transunion.com/,https://www.transunion.com/consumer-privacy,8663108783,David Healy,"Categories of personal data which may be collected: Identifiers (name, address, phone number, email); Sensitive data: (government identifiers, Social Security numbers, racial or ethnic origin, religious or philosophical beliefs, precise geolocation date); Commercial data; Customer Relationship Management data; Inferences drawn from other Personal Data; Internet or other similar electronic network activity; Pseudonymous IDs (information linked to devices, cookies, MAIDs, IP addresses); Geolocation Data",Yes,No,,,0,,"Data broker may sell/share categories of Personal Information (except government identifiers and precise geolocation data) to third parties, e.g., customers, in connection with the delivery of our services: Marketing Solutions, Risk Solutions, and Communications Solutions.
To opt out of receiving marketing messages, visit: https://dmachoice.thedma.org/; www.networkadvertising.org/managing/opt_out.asp; https://optout.aboutads.info. 
Data broker also offers opt-out and data privacy rights regarding online and offline data consistent with comprehensive privacy laws in applicable states; more information is available at https://www.transunion.com/privacy/neustar.",David Healy,US Privacy Operations,2/27/2026
20260066,"Drivers History Information Sales, LLC","555 W ADAMS ST , CHICAGO , IL , 60661-3719 , United States",privacy@transunion.com,www.drivershistory.com,https://www.transunion.com/consumer-privacy,8663108783,David Healy,"Identifiers (name, DOB, address, phone number, email, vehicle identification numbers); Sensitive Data (government identifiers, Social Security numbers)",Yes,No,,,0,,"Drivers History Information Sales may sell/share categories of Personal Data (except government identifiers, biometric, education, sensory, and precise geolocation data) to third parties, e.g., customers, in connection with the delivery of our services.

To opt out of receiving marketing messages, visit: https://dmachoice.thedma.org/; www.networkadvertising.org/managing/opt_out.asp; https://optout.aboutads.info.

Drivers History Information Sales also offers opt-out and data privacy rights consistent with comprehensive privacy laws in applicable states; more information is available at https://www.transunion.com/privacy.",David Healy,US Privacy Operations,2/27/2026
20260065,iovation Inc.,"555 W ADAMS ST , CHICAGO , IL , 60661-3719 , United States",Privacy@transunion.com,https://www.transunion.com/privacy/iovation,https://www.transunion.com/consumer-privacy,8663108783,David Healy,"Categories of personal data which may be collected: Identifiers (name, address, phone number, email); Sensitive Data (government identifiers, Social Security numbers, age/date of birth, racial or ethnic origin, religious or philosophical beliefs, marital status, political affiliation, language, gender); Commercial Data; Inferences drawn from other Personal Data; Internet or other similar electronic network activity (cookies, preferences, IP address); Biometric Data Sensory Data; Device Data; Geolocation Data; Employment-Related Data; Education Data",Yes,No,,,0,,"Transunion may sell/share categories of Personal Data (except government identifiers, biometric, education, sensory, and precise geolocation data) to third parties, e.g., customers, in connection with the delivery of our services.

To opt out of receiving marketing messages, visit: https://dmachoice.thedma.org/; www.networkadvertising.org/managing/opt_out.asp; https://optout.aboutads.info. 
TransUnion also offers opt-out and data privacy rights consistent with comprehensive privacy laws in applicable states; more information is available at https://www.transunion.com/privacy.",David Healy,US Privacy Operations,2/27/2026
20260064,"TransUnion Interactive, Inc.","555 W ADAMS ST , CHICAGO , IL , 60661-3719 , United States",Privacy@transunion.com,http://www.transunion.com/,https://www.transunion.com/consumer-privacy,8663108783,David  Healy,"Categories of personal data which may be collected: Identifiers (name, address, phone number, email); Sensitive Data (government identifiers, Social Security numbers, age/date of birth, racial or ethnic origin, religious or philosophical beliefs, marital status, political affiliation, language, gender); Commercial Data; Inferences drawn from other Personal Data; Internet or other similar electronic network activity (cookies, preferences, IP address); Biometric Data Sensory Data; Device Data; Geolocation Data; Employment-Related Data; Education Data",Yes,No,,,0,,"Transunion may sell/share categories of Personal Data (except government identifiers, biometric, education, sensory, and precise geolocation data) to third parties, e.g., customers, in connection with the delivery of our services.

To opt out of receiving marketing messages, visit: https://dmachoice.thedma.org/; www.networkadvertising.org/managing/opt_out.asp; https://optout.aboutads.info. 
TransUnion also offers opt-out and data privacy rights consistent with comprehensive privacy laws in applicable states; more information is available at https://www.transunion.com/privacy.",David Healy,US Privacy Operations,2/27/2026
20260063,"Commerce Signals, Inc.","555 W ADAMS ST , CHICAGO , IL , 60661-3719 , United States",privacy@commercesignals.com,https://www.commercesignals.com/ ,https://www.commercesignals.com/privacy-notice/,8663108783,David Healy,"Our services collect: Pseudonymized identifiers; Demographic data; and Inferences we draw from the above, stripped of any names, emails, mobile advertising IDs, IP addresses, cookie IDs, or other identifying information. Additional information may be collected for B2B marketing of our services (e.g., name and contact information for forms, job title, cookies, etc), HR data for employees. Our data collection pratices are described in the privacy notice.",Yes,No,,,0,,"Commerce Signals does not have any directly identifying data as part of its products and services. It relies on data received from a reputable partners, collected and processed in compliance with applicable laws. Commerce Signal's products and services fall into two categories: a) aggregate measurement and analytics reports that rely on de-identified or non-personal data and b) audience products that rely on pseudonymized data. For the latter, data is associated with a randomized identifier provided by its identity partner (TransUnion), who also helps customers link that identifier to their own data to run advertising campaigns. Commerce Signals has no data available directly to link that identifier to a consumer. The identity partner provides Commerce Signals these identifiers with a suppression list (including opt outs, deletions received by them), which Commerce Signals applies at multiple stages of its processing as its own opt outs and deletions, respectively.",David Healy,US Privacy Operations,2/27/2026
20260062,"MarketShare Partners, LLC","555 W ADAMS ST , CHICAGO , IL , 60661-3719 , United States",Privacy@transunion.com,http://www.transunion.com/,https://www.transunion.com/consumer-privacy,8663108783,David Healy,"Categories of personal data which may be collected: Identifiers (name, address, phone number, email); Sensitive data: (government identifiers, Social Security numbers, racial or ethnic origin, religious or philosophical beliefs, precise geolocation date); Commercial data; Customer Relationship Management data; Inferences drawn from other Personal Data; Internet or other similar electronic network activity; Pseudonymous IDs (information linked to devices, cookies, MAIDs, IP addresses); Geolocation Data",Yes,No,,,0,"3,860,111  impacted consumers","Data broker may sell/share categories of Personal Information (except government identifiers and precise geolocation data) to third parties, e.g., customers, in connection with the delivery of our services: Marketing Solutions, Risk Solutions, and Communications Solutions.
To opt out of receiving marketing messages, visit: https://dmachoice.thedma.org/; www.networkadvertising.org/managing/opt_out.asp; https://optout.aboutads.info. 
Neustar also offers opt-out and data privacy rights regarding online and offline data consistent with comprehensive privacy laws in applicable states; more information is available at https://www.transunion.com/privacy/neustar.",David Healy,US Privacy Operations,2/27/2026
20260061,"Crimson Hexagon, Inc ","200 VESEY ST , NEW YORK , NY , 10281-5525 , United States",Robert.Beaugie@cision.com,www.brandwatch.com,https://portals.dporganizer.com/fa778b0e-817f-4c96-b13d-e2b614470033 ,18005550199,Robert Beaugie,"Publicly available - Name, social media handle, telephone and email address ",No,No,,,0,,"Crimson Hexagon (trading as Brandwatch) collects the Personally Identifiable Information (which may include name and social handle) of influencers and online authors who have made their information publicly available.
We are a media intelligence business, so provide these contact details to PR departments of commercial businesses and other organisations who want to understand how consumers react to their brand and campaigns online and manage relationships with them. 
More information can be found here - https://www.brandwatch.com/legal/author-privacy-policy/

They can enact their privacy rights via
1. The form found here https://portals.dporganizer.com/fa778b0e-817f-4c96-b13d-e2b614470033
2. Emailing Privacy@cision.com
3. Calling toll free on  877-297-8921",Robert Beaugie,Data Protection Officer,2/26/2026
20260060,Cision US Inc,"300 S Riverside Plaza , chicago , TX , 60601 , United States",DPO@cision.com,www.cision.com,https://portals.dporganizer.com/fa778b0e-817f-4c96-b13d-e2b614470033,8666395087,Robert Beaugie,"Cision provides a database of names, email addresses and social media handles relating to journalists and other influencers to public relations clients for the purposes of brand management. All contact details are collected from publicly available sources (eg  media outlets, published articles, blogs or social media networks).",No,No,,,0,,"Cision provides a database of names, email addresses and social media handles relating to journalists and other influencers to public relations clients for the purposes of brand management. All contact details are collected from publicly available sources (eg  media outlets, published articles, blogs or social media networks).
More information can be found at https://privacy.cision.com/",Robert Beaugie,Data Protection Officer,2/23/2026
20260059,LexisNexis Risk Solutions FL Inc.,"1000 ALDERMAN DR , ALPHARETTA , GA , 30005-4101 , United States",consumer.documents@lexisnexisrisk.com,https://risk.lexisnexis.com/,https://consumer.risk.lexisnexis.com/privacy,8882171591,Rick Gardner,"The categories of data processed and transferred are personal identifiers, such as name, contact details, Internet Protocol address and other unique identifiers; commercial information, such as transaction information and property records; professional and employment history; educational history; demographic data, such as gender and age; inferences and preferences; and sensitive data. Such data may be subject to the Gramm-Leach-Bliley Act (GLBA), the Driver's Privacy Protection Act (DPPA), and certain other laws and/or publicly available information.",Yes,No,,,1,"During 2025, it was determined that software artifacts had been accessed on a third party software development platform which some of our software developers also use in developing software. LNRS’ own systems, infrastructure, and products were not accessed or compromised.  29,003 consumers were affected.  ","For additional information, please visit https://risk.lexisnexis.com/state-privacy-act-notice ",Rick Gardner,Global DPO,2/25/2026
20260058,VISTAVIEW REALTY SERVICES LLC,"3128 DENALI DR , IRVING , TX , 75063-0126 , United States",vamshi@vistaview.ai,www.vistaview.ai,www.vistaview.ai/privacy/consumer-rights,7033384931,Naga vamshi krishna Vuppaladadium,"VistaView processes :
PROPERTY RECORDS: Publicly available real property data including parcel boundaries, assessed values, tax records, deed transfers, liens, zoning classifications, and permit history sourced from county assessor and recorder offices.
ENVIRONMENTAL & HAZARD DATA: Flood zone designations (FEMA), environmental site assessments (EPA), wildfire risk, seismic hazard zones, wind/hail risk indices, and climate resilience scores from federal and state agencies.

DEMOGRAPHIC & ECONOMIC DATA: Census tract statistics, employment rates, median household income, cost of living indices, school district ratings, and crime statistics from Bureau of Labor Statistics, FBI UCR, Census Bureau, and NCES.
MARKET ANALYTICS: Aggregated housing market trends, median sale prices, days on market, inventory levels, rental vacancy rates, price forecasts, and affordability indices derived from public MLS data and government housing reports.
INFRASTRUCTURE DATA: Broadband availability (FCC), transportation access (DOT), utility service areas, hospital proximity, walkability scores, and municipal service boundaries from public government sources.
USER ACCOUNT DATA: Information voluntarily provided by registered users including name, email, phone number, role selection, property search preferences, and saved listings. Collected only with user consent.
DEVICE & USAGE DATA: Browser type, IP address (anonymized), pages visited, search queries, and session duration for platform analytics and security. No cross-site tracking.
COMMERCIAL PROPERTY DATA: Commercial lease comparables, vacancy rates, retail traffic estimates, industrial and multifamily market metrics from publicly available commercial real estate databases and government records.
All property and market data is sourced exclusively from publicly available government records and databases. VistaView does not process protected health information, financial account numbers, Social Security numbers, or biometric data.",No,No,,,0,,"VistaView aggregates publicly available government property records (county assessors, FEMA, EPA, Census Bureau, BLS) for real estate market intelligence. We do not collect, sell, or share personal information of individuals. All data is sourced from public records.",NAGA VAMSHI KRISHNA VUPPALADADIUM,CEO,2/24/2026
20260057,"RecruitBot, Inc.","2030 VALLEJO ST , SAN FRANCISCO , CA , 94123-4848 , United States",privacy@recruitbot.com,www.recruitbot.com,www.recruitbot.com/privacy,8186819266,Jeremy Schiff,"Education Information
Geolocation Data	
Identifiers
Inferences
Online Identifiers
Professional or Employment Information
Protected Classification Characteristics",No,No,,,0,,"See our privacy policy here: www.recruitbot.com/privacy

",Jeremy Schiff,CEO,1/30/2026
20260056,"Becausal, Inc","10 E 39TH ST , NEW YORK , NY , 10016-0111 , United States",ilan.ganem@becausal.com,https://www.becausal.com/,https://www.becausal.com/personal-information,2122780178,Ilan Ganem,"Data Processed & Transferred
Identifiers: Hashed emails, device IDs (MAIDs), and IP addresses.

Demographics: Age, gender, income range, and household size.

Commercial: Purchase history and product category interests.

Location: Non-precise geographic data (City/ZIP code).

Professional: Job function and industry (for B2B segments).

Inferences: Derived consumer interests and characteristic profiles.

Recipients of Transfer
Advertising Partners: DMPs, DSPs, and agencies for ad activation.

Brand Clients: CPG manufacturers for shopping-related promotions.

Service Providers: Operational vendors (e.g., cloud hosting, security).",Yes,No,,,0,,"Becausal operates as a provider of audience solutions and CPG purchase datasets. We primarily obtain personal information from trusted third-party data providers and partners who are contractually responsible for providing initial notice and obtaining required consents at the point of collection. Our data processing focuses on creating pseudonymized audience segments and insights for marketing and analytics, and we do not engage in the real-time tracking of identifiable individuals or use personal information for automated decision-making with legal or significant effects on consumers.",Ilan Ganem,Privacy Analyst,2/26/2026
20260055,Adstra LLC,"7 WITHERSPOON ST , PRINCETON , NJ , 08542-3201 , United States",privacy.officer@adstradata.com,https://www.adstradata.com/,https://www.adstradata.com/privacy-policy/,6095802800,Jason Bier,"We collect PII on behalf of our clients to manage and monetize their data within compliance of the law and voluntary self-regulation. For example, PII may be collected should a marketer wish to send a direct mailer or catalog. Additionally, a consumer may wish to provide PII on his/her own initiative, register with a publisher to download a mobile app, or want to add their information for lead generation purposes with Adstra or its client. 

The Non-PII we collect may include, as an example, IP address, browser types, operating systems, domain names, platform type, language preference, access data and times, referring website addresses, online transactions web browsing, and search activity. ",Yes,No,,,0,,,Jason Bier,General Counsel and Chief Privacy Officer,1/15/2026
20260054,"Wiland, INc.","7420 DRY CREEK PKWY , NIWOT , CO , 80503-8009 , United States",privacy@wiland.com,www.wiland.com,www.wiland.com/privacy-choices,3034858686,Mary Edquist,"Wiland processes and transfers the following categories of personal information: Identifiers (e.g. name, alias, postal address; online identifiers; IP address; email address; telephone number, account name; government-issued identifier; characteristics of protected classification under Texas or federal law (e.g. sex/gender, marital status, etc.); commercial or transactions information (e.g., records of products or services purchased, obtained or considered, or other purchasing or consuming histories or tendencies); internet or other electronic network activity information (e.g. information on a person's interaction with a  website, email, application, or advertisement); professional or employment-related information (e.g. job title or current or past job history); and inferences about your predicted characteristics and preferences (e.g. inferences reflecting products or services an individual might consider or personal interests).",Yes,No,,,0,,"We use consumer data for the purpose of creating products and services intended to help consumers receive relevant marketing offers and to reduce marketing waste and unwanted advertising. We require our clients to use our products only for marketing related activities, and not for sensitive decisions like credit, employment, or housing. We do not possess or utilize highly sensitive data like credit card or bank account numbers, Social Security Numbers or protected health information (aka ""HIPAA data""). We do not release information to third parties concerning specific items that a consumer has purchased, what magazines they read, or what charities they support unless requested by the organization with whom the consumer has a relationship. 

We care about consumer privacy, and we have provided a form on our website at wiland.com/privacy-choices for consumers to opt-out of our marketing products and services. We believe in honoring consumers' privacy choices, which are typically relayed by the consumer in question. In some cases we may accept opt-out requests on behalf of immediate family. With appropriate documentation, we will accept opt-out requests submitted by authorized third parties. ",Mary Edquist,Chief Legal Officer / Chief Privacy Officer,2/23/2026
20260053,Neptune Ops LLC,"3290 SWEET DR , LAFAYETTE , CA , 94549-5367 , United States",trudie@neptuneops.com,https://www.neptuneops.com/,https://neptuneaii.com/legal/privacy-policy,8182718351,Trudie Levin,"We process and store physical addresses, emails, phone numbers, and gender preference data. ",Yes,No,,,0,,,Trudie Levin,Political Ops Coordinator,1/26/2026
20260052,"Neustar Information Services, Inc.","555 W ADAMS ST , CHICAGO , IL , 60661-3719 , United States",privacy@transunion.com,https://www.transunion.com,https://www.transunion.com/consumer-privacy,8663108783,David Healy,"Categories of personal data which may be collected: Identifiers (name, address, phone number, email); Sensitive Data (government identifiers, Social Security numbers, age/date of birth, racial or ethnic origin, religious or philosophical beliefs, marital status, political affiliation, language, gender); Commercial Data; Inferences drawn from other Personal Data; Internet or other similar electronic network activity (cookies, preferences, IP address); Biometric Data Sensory Data; Device Data; Geolocation Data; Employment-Related Data; Education Data",Yes,No,,,0,,"Transunion may sell/share categories of Personal Data (except government identifiers, biometric, education, sensory, and precise geolocation data) to third parties, e.g., customers, in connection with the delivery of our services.

To opt out of receiving marketing messages, visit: https://dmachoice.thedma.org/; www.networkadvertising.org/managing/opt_out.asp; https://optout.aboutads.info.

TransUnion also offers opt-out and data privacy rights consistent with comprehensive privacy laws in applicable states; more information is available at https://www.transunion.com/privacy.",David Healy,US Privacy Operations,2/18/2026
20260051,TransUnion Digital LLC,"555 W ADAMS ST , CHICAGO , IL , 60661-3719 , United States",privacy@transunion.com,https://www.transunion.com,https://www.transunion.com/consumer-privacy,8663108783,David Healy,"Categories of personal data which may be collected: Identifiers (name, address, phone number, email); Sensitive Data (government identifiers, Social Security numbers, age/date of birth, racial or ethnic origin, religious or philosophical beliefs, marital status, political affiliation, language, gender); Commercial Data; Inferences drawn from other Personal Data; Internet or other similar electronic network activity (cookies, preferences, IP address); Biometric Data Sensory Data; Device Data; Geolocation Data; Employment-Related Data; Education Data",Yes,No,,,0,,"Transunion may sell/share categories of Personal Data (except government identifiers, biometric, education, sensory, and precise geolocation data) to third parties, e.g., customers, in connection with the delivery of our services.

To opt out of receiving marketing messages, visit: https://dmachoice.thedma.org/; www.networkadvertising.org/managing/opt_out.asp; https://optout.aboutads.info.

TransUnion also offers opt-out and data privacy rights consistent with comprehensive privacy laws in applicable states; more information is available at https://www.transunion.com/privacy.",David Healy,US Privacy Operations,2/18/2026
20260050,"JMR Media Consulting, Inc.","8212 NW 120TH WAY , CORAL SPRINGS , FL , 33076-3549 , United States",jon@jmr-media.com,www.jmr-media.com,https://jmr-media.com/privacy-notice,9542057282,Jonathan Richman,"Identifiers such as name, and postal address including information sufficient to identify or contact an individual by postal mail.",Yes,No,,,0,,,Jonathan Richman,President,1/30/2026
20260049,"Revelio Labs, Inc.","860 BROADWAY , NEW YORK , NY , 10003-1288 , United States",hannah@reveliolabs.com,www.reveliolabs.com,www.reveliolabs.com/privacy,2014216375,Hannah Kelsen,"Workforce Data from public professional profile sites and public employment records. For example: company name, job titles, job requirements, general location.",No,No,,,0,,"We only collect publicly available data, and only workforce data, nothing sensitive.",Hannah Kelsen,Director of Operations and Compliance,2/17/2026
20260048,"MV Digital Group, LLC  (DBA CinqDI)","One World Trade Center , New York , NY , 10007-0042 , United States",abigham@mvdigitalgroup.com,www.cinqdi.com,https://www.cinqdi.com/privacy-policy/#section-rights,7177520101,Aimee Bigham,"MV Digital Group, doing business as CinqDI, processes and transfers personal information obtained from licensed data partners, customers, advertising partners, service providers, publicly available sources (including voter registration files), and derived analytics.

Categories of data processed include:

1. Identifiers: hashed email addresses, pseudonymous IDs, mobile advertising identifiers (MAIDs), IP addresses, and device identifiers.

2. Contact Information: name, mailing address, phone number, and email address (typically processed in hashed or pseudonymized form within data products).

3. Demographic Information: age range and gender.

4. General Location Data: city, ZIP code, and census block group (CinqDI does not collect or use precise geolocation).

5. Internet or Network Activity Information: browser type, device type, operating system, IP address, and engagement data received from partners.

6. Commercial Information: purchase history and product category interests.

7. Professional or Employment-Related Information: industry, job function, and business role for B2B audience segments.

8. Publicly Available and Self-Reported Information: voter registration data, public records, and survey responses.

9. Inferences and Modeled Attributes: analytics and modeled generated audience attributes reflecting likely interests, preferences, demographic characteristics, and, in limited circumstances, attributes relating to race, ethnicity, citizenship or immigration status, religious beliefs, and union membership.",Yes,No,,,0,,N/A,Liz Covello,Head of Product,2/19/2026
20260047,"Accurate Append, Inc.","1100 BELLEVUE WAY NE , BELLEVUE , WA , 98004-4280 , United States",shawn@accurateappend.com,www.accurateappend.com,https://accurateappend.com/privacy-policy/,8336634646,Shawn Smith,"Accurate Append processes and transfers limited contact data for business-to-business data matching and validation services. This includes phone numbers, email addresses, postal addresses, and business contact information.",Yes,No,,,0,,,Shawn Smith,General Manager,1/26/2026
20260046,J.D. Power,"320 E BIG BEAVER RD , TROY , MI , 48083-1268 , United States",jdpowerprivacy@jdpa.com,https://www.jdpower.com/,https://www.jdpower.com/privacy/dsar,8054188000,Sara Alexander,"From consumer: contact identifiers (inc. first and last name, email and postal address, phone number), characteristics or demographics (inc. date of birth, gender, ethnicity, country), credentials and authentication information (inc. username, password, authentication information), payment information (inc. credit card number, associated security code), vehicle transaction and service information (inc. VIN, lease information, make and model of vehicle), profile information (inc. interests, favorites), and content created (inc. survey responses, recording, postings). Through browser/device: device identifiers (inc. IP address, MAC address, device advertising), device information (inc. operating system, time zone, internet service provider), internet activity (inc. browsing history, pages visited, products purchased), and non-precise location data (inc. derived from an IP address that indicates city or postal code level).   ",Yes,No,,,0,,"To exercise any rights, consumer can go to jdpower.com/Privacy/DSAR; or call toll-free at (866) 467-8688 x327; or if an account exists, use the account to submit the request; or by selecting the Online Do Not Sell or Share My Information button in the privacy banner; or turning on a recognized opt-out preference signal (GPC), in your browser or extension. ",Sara Alexander,Law Clerk,2/13/2026
20260045,"Place Exchange, Inc.","254 W 31ST ST , NEW YORK , NY , 10001-2813 , United States",privacy@placeexchange.com,https://www.placeexchange.com/,https://www.placeexchange.com/do-not-sell-my-information,2122875660,Joe Cotugno,"Processed: Mobile Advertising IDs (aka MAIDs) and precise location
Transferred: MAIDs only ",Yes,No,,,0,,,Joe Cotugno,Chief Privacy Officer,2/15/2026
20260044,"AWL Holdings, LLC","9004 ANDERSON MILL RD , AUSTIN , TX , 78729-4501 , United States",onlineops@awl.com,https://awl.com,https://www.insurancequotes.com/privacy-policy,8885227355,Darin Ginther,"We process and transfer personal data as defined in Tex. Bus. & Com. Code §509.001(11), including:

Identifiers / contact data: name, postal address, ZIP code, phone, e‑mail, IP address and online identifiers.

Insurance & commercial information: insurance type requested; vehicle, property, household and prior‑insurance details; self‑reported risk and eligibility attributes.

Self‑reported financial information (sensitive data): income range and consumer‑reported credit‑score grouping.

Online activity / technical data: interaction with our sites and forms (page views, timestamps, referral source), browser and device data, and location inferred from ZIP code or IP address for routing quotes and fraud prevention.",Yes,No,,,0,,,Darin Ginter,Director of Online Operations,1/27/2026
20260043,NACHAL INC.,"5660 STRAND CT , NAPLES , FL , 34110-3343 , United States",privacy@getliminal.com,www.getliminal.com,https://getliminal.com/privacypolicy,8002869021,David Solar,"Hashed emails, Mobile Ad IDs (MAIDs), IP addresses, Cookies, and system-generated unique identifiers (for linking individuals across devices). Precise Geolocation Data (via polygons/wickets and resting place identification). Records of products purchased/serviced; financing status, vehicle ownership records (Client-provided for CDP). Browsing history, interaction with digital advertisements, and pages viewed on websites where our tracking pixels are placed. Profiles reflecting consumer preferences, characteristics, and audience segment membership (e.g., ""in-market for a new car"").",No,No,,,0,,"We do business under the following assumed business names. Liminal, Lead Lure, and iFish Digital.",David Solar,President,2/11/2026
20260042,Convex Labs LLC,"800 N BRAND BLVD , GLENDALE , CA , 91203-4211 , United States",support@convexlabs.io,www.convex.com,https://www.convex.com/privacy-policy,8558990970,David Chen,"Convex processes personal and professional data such as names, email addresses, job titles, company names, business addresses, and digital identifiers (such as IP addresses). In addition, Convex sells professional contact details to its customers, such as names, business emails, phone numbers, and job roles, and shares digital identifiers with advertising partners. Please visit our privacy policy located at https://www.convex.com/privacy-policy for more information.",Yes,No,,,0,,NA,Olive Huang,Chief Legal Officer and Secretary,2/10/2026
20260041,"INTERACTIVE DATA, LLC","2650 N MILITARY TRL , BOCA RATON , FL , 33431-6350 , United States",statebasedprivacy@ididata.com,https://www.ididata.com/,https://www.ididata.com/idis-privacy-statement/,8883766659,Alexa Santora,"(1) Identifiers (such as name, alias, address, telephone number, IP address, device information and identifiers, date of birth, and email address.)
(2) Other Personal information (such as employment and employment history, college attended, college graduation date, college major, financial information, and other unique personal identifiers.)
(3) Protected characteristics under federal law (such as age, gender, and marital status.)
(4) Commercial Information (such as records of personal property.)
(5) Internet or other similar network activity (such as information relating to your browser history, search history, online behavior, interest data, and interactions with websites, applications, systems, and advertisements.)
(6) Professional or employment information (such as job title, work history and information, and professional licenses.)
(7) Inferences drawn from other personal information (such as preferences and characteristics determined by websites visited and an individual’s estimated income and/or estimated affluence.)",Yes,No,,,0,,Please see our privacy policy at https://www.ididata.com/idis-privacy-statement/ for details concerning our collection practices.,Alexa Santora,Senior Vice President,1/29/2026
20260040,"Pipl, Inc.","510 S CLEARWATER LOOP , POST FALLS , ID , 83854-6930 , United States",privacy@pipl.com,https://pipl.com,https://pipl.com/resources/privacy-documents/my-information-privacy,4153730180,Gabriel Ronisky,"Publicly available information such as: Name, alias, social media handle, Phone numbers, address, emails, employment.",Yes,No,,,0,,Please see company's Privacy Policy and Data collection practices located at: https://pipl.com/resources/privacy-documents/my-information-privacy,Gabriel Ronisky,General Counsel,1/16/2026
20260039,"Vi Technologies, Inc.","110 East 25th Street, Suite 422 , New York , NY , 10010 , United States",privacy@vi.co,vi.co,https://vi.co/privacy-policy/,6464559355,Joseph Zoccali,"In connection with our services, Vi processes the following categories of data:
Contact information, such as name and email address.
Interests, such as media consumption patterns, search histories, or businesses visited.
Demographic information, such as age, income, education, geographic region, gender, and marital status.
Health data, including propensity to consider certain medical interventions. 
Device information, such as Mobile Advertising ID (MAID) and IP address. 
Geolocation information.
Publicly available information, such as information that available in the public domain or from government public records.
Inferences, which may include conclusions drawn from the information we collect. 

Vi uses this information to provide specialized data science and analytics services and capabilities tailored to organizations in the healthcare sector, such as providers, pharmaceutical companies, and wellness brands
",Yes,No,,,0,,"Vi delivers integrated, specialized data science and analytics capabilities tailored to healthcare organizations, including providers (e.g., hospitals and health systems), pharmaceutical/biopharma companies, and wellness companies. Vi's platform focuses on delivering measurable ROI through enhanced patient activation, engagement, operational efficiency, and outcomes.

Vi collects and processes data from customer sources, publicly available sources, and select trusted third-party partners. We provide clients with tailored audience segments to support retention, outreach, acquisition, and performance objectives - include these segments include mobile advertising identifiers and hashed email addresses.
",Joseph Zoccali,General Counsel,1/31/2026
20260038,Connatix Native Exchange Inc. ,"530 7th Ave., Ste. 1906  , New York , NY , 10018 , United States",privacy@connatix.com,www.jwx.com,https://connatix.com/optout,2122440140,David Pashman,"JWX processes information related to consumer’s activities online and on connected devices, including but not limited to AAID, IDFA, IP address, cookie IDs, CTV IDs, and other pseudonymous IDs, device information, and browser information. You can learn more about our practices by reviewing our privacy policy at https://jwx.com/legal/privacy/.",No,No,,,0,,,David Pashman,General Counsel,2/11/2026
20260037,"Venntel, Inc.","44679 ENDICOTT DR , ASHBURN , VA , 20147-5567 , United States",privacy@venntel.com,https://www.venntel.com/,https://www.venntel.com/privacy-policy,8555455623,Jason Sarfati,"Venntel processes and transfers location data, identifiers, internet or network activity, device user agent data, and demographic data. Venntel also collects information when a consumer browses or submits an inquiry on the Venntel Website, contacts Venntel to request information about its products and services, or applies to a job. ",Yes,No,,,0,,"Venntel places an emphasis on being open and transparent about our data processing activities. Our
team is regularly available to address and discuss any privacy concerns regarding our services. A
copy of our regularly-updated privacy policy is also available on our website.",Jerold Phillips,Privacy Counsel,1/9/2026
20260036,"Unacast, Inc.","44679 ENDICOTT DR , ASHBURN , VA , 20147-5567 , United States",privacy@unacast.com,https://www.unacast.com/,https://www.unacast.com/privacy-policy,7038408850,Jason Sarfati,"Unacast processes and transfers location data, identifiers, internet or network activity, device user agent data, and demographic data. Unacast also collects information when a consumer browses or submits an inquiry on the Unacast Website, contacts Unacast to request information about its products and services, or applies to a job. ",Yes,No,,,1,"On January 4, 2025, we discovered that a person had accessed Gravy Analytics’ AWS cloud storage
environment without authorization. This unauthorized person copied some data stored in certain AWS
buckets and temporarily made a small subset of that data available on a dark web forum. The dark web
is not available through standard search browsers.  

A limited subset of this data, covering primarily a few days around New Year’s 2025, was briefly posted on a dark web forum. The data we license mostly consists of mobile advertising IDs (MAIDs), longitude/latitude, and timestamps. We do not receive information that can directly identify specific people, and we have no reasonable ability to identify any person.","Unacast places an emphasis on being open and transparent about our data processing activities. Our
team is regularly available to address and discuss any privacy concerns regarding our services. A
copy of our regularly-updated privacy policy is also available on our website.",Jerold Phillips,Privacy Counsel,1/9/2026
20260035,Institute for Police Conduct,"5900 BALCONES DR , AUSTIN , TX , 78731-4257 , United States",hello@policeconduct.org,www.policeconduct.org,https://policeconduct.org/legal-notice/privacy,6122089601,Dale Lotts,"Peace Officer Standards and Training (POST) data, police department assignments, civil litigation records, anything related to police conduct and employment",No,No,,,0,,Only publicly available data and protected with reasonable precautions. ,Dale Lotts,Director,1/17/2026
20260034,"Spy Labs AdCo, LLC","1915 21ST ST , SACRAMENTO , CA , 95811-6813 , United States",info@spydialer.com,spydialer.com,https://spydialer.com/privacy.aspx,8668342579,Sierra Irvin,"Identifiers
Characteristics of Protected Classifications Under Applicable State or Federal Law
Property or Business Record Information
Internet or Other Electronic Network Activity Information
Device Information
Geolocation Information
Information Included in Communications with Us
Search Criteria
Inferences Drawn from Any of the Personal Information Identified Above

For additional information on our privacy practices, please see the privacy notices located in the footer of our website.",No,No,,,0,,"To learn about our privacy practices, please check the privacy policy located in the footer of our website.
 
Consumers can exercise their right to opt out of the sale of certain personal information by submitting a request using the methods described on the Do Not Sell page of our site. We do not accept privacy requests received via email. To opt out of the sale or sharing of personal information that occurs through the online collection technologies we use (e.g., cookies), consumers will need to opt out using the cookie banner.",Sierra Irvin,Compliance Manager,1/12/2026
20260033,SemantIQ Inc,"2261 Market Street STE 86944 , San Francisco , CA , 94114 , United States",ops@semantiqhealth.com,https://semantiqhealth.com,https://semantiqhealth.com/privacy-policy,5619339030,SemantIQ Ops,"SemantIQ processes and transfers the following categories of data:
De-identified healthcare claims data, including diagnosis codes, procedure codes, service dates, provider type, and generalized geographic indicators. All healthcare claims data is de-identified in accordance with HIPAA Safe Harbor or Expert Determination and does not constitute Protected Health Information (PHI).Healthcare provider professional information, such as provider name, National Provider Identifier (NPI), specialty, practice affiliation, and practice location at a non-precise geographic level.Aggregated and derived analytics, including statistical summaries, cohort-level insights, modeled outputs, and performance metrics generated from de-identified claims data.Contextual and enrichment data, such as non-precise geographic indicators and socio-economic or social determinants of health (SDOH) attributes, processed only at an aggregated or modeled level.Business and account information related to enterprise customers and authorized users (e.g., name, business contact information, role, and account credentials).SemantIQ does not process, transfer, or sell identifiable patient-level health information, precise geolocation data, biometric data, or sensitive personal data in identifiable form.",Yes,No,,,0,,"SemantIQ operates as an enterprise healthcare analytics and data infrastructure provider. Its platform is designed to enable governed, auditable analysis of de-identified healthcare data for research, planning, and intelligence purposes. The company does not operate a consumer-facing data brokerage, does not re-identify de-identified data, and does not sell Protected Health Information. All data processing is subject to contractual use restrictions, security safeguards, and privacy controls aligned with applicable federal and state privacy laws.",Manik Khanna,CEO & Co-Founder,1/30/2026
20260032,"Inmar Brand Solutions, Inc.","1 W 4TH ST , WINSTON SALEM , NC , 27101-3971 , United States",databroker@inmar.com,inmar.com,https://privacyportal-cdn.onetrust.com/dsarwebform/fa9f2f77-33ff-473b-ae55-579e2e693a91/ea2fadbb-3208-459b-8ed6-c975b6a9901c.html,8007651277,Jeye Gumm,"Inmar processes ""personal data"" as defined in Section 509.001 of the Texas Business and Commerce Code. We also process commercial information such as purchases and purchase history, internet browsing activity, geolocation data, and make inferences from available personal data.",No,No,,,0,,,Jeye Gumm,Privacy Manager,1/28/2026
20260031,Index Exchange Inc.,"8 Spadina Ave. Suite 2900, Toronto, ON M5V 0S8",privacy@indexexchange.com,https://www.indexexchange.com/,https://www.indexexchange.com/privacy/rights-exercising-rights/,14167855908,Jason Cicchetti,"Index Exchange is a global digital advertising marketplace. Our technology and services help our clients (“Publishers” who sell and “Advertisers” who buy advertising inventory) deliver advertising to you by hosting digital auctions that help our clients buy and sell online ads. These ads can be found on websites, mobile applications, or television and streaming services (collectively, “Digital Properties”). To provide these services, we process and transfer the following personal data:
-Cookie IDs: unique identifiers assigned to cookies (small text file stored on your web browser when you visit a website).
-Device advertising IDs: unique identifiers used for advertising purposes on various devices, including mobile devices, Connected TV devices, and others.
-Third-party IDs: unique identifiers that belong to third parties. Third-party IDs may be associated with broad aggregate audience segments and shared with Advertisers to serve more relevant ads to you based on your interests (for example, ads related to sports or fashion).
-Browser and device information: information including, but not limited to, the type and version of your browser, browser settings (such as language and local time), user agent, your IP address, device type (for example, laptop, mobile, TV), model, manufacturer, operating system, and time zone.
-Location information: imprecise geolocation information such as city, country, zip code/postal code, and/or longitude and latitude with less than 2 decimal places. Publishers may choose to provide us with precise geolocation information in the form of longitude and latitude with three or more decimal places.
-Other data provided to Index Exchange: additional information provided to us by, or for, our Publishers to improve Publisher advertising. 
We may process and transfer “Sensitive Data” as that term is defined in the Texas Business and Commerce Code, which may include precise geolocation information, if Publishers provide it to us.",Yes,No,,,0,,,Jason Cicchetti,General Counsel,1/28/2026
20260030,"EverView Holdco, Inc","510 E 96TH ST , INDIANAPOLIS , IN , 46240-4046 , United States",etprivacydb@evertrue.com,www.evertrue.com,https://www.evertrue.com/privacy-policy/,8553878783,Don Sullivan,"Client supplied- Name,  address, email at minimum but they may also include a large number of additional data points that vary from client to client.
We also process publicly accessible and known: giving information, real estate information, wealth information, employment information, and philanthropic interests, etc.",Yes,No,,,0,,,Matt Cowell,Chief Product Officer,2/5/2026
20260029,"Postie, Inc","3616 Far West Blvd, STE 117 #103 , Austin , TX , 78731 , United States",legal@postie.com,https://postie.com,https://postie.com/your-privacy-choices/,8889924935,Jonathan Neddenriep,"Data processed includes postal address, consumption and behavioral features, demographics including income, gender, and age. Of note, Postie does NOT store, collect, or process biometric data, genetic data, precise geolocation data, an individual's private communication, or financial account numbers.",No,No,,,0,,,Jonathan Neddenriep,CTO,1/21/2026
20260028,"National Opinion Institute, LLC","4111 E 37TH ST N , WICHITA , KS , 67220-3203 , United States",privacy@nationalopinioninstitute.com,https://nationalopinioninstitute.com/,https://nationalopinioninstitute.com/disclosures/,8449004722,Lisa Wetzel,"Contact Information: Name, address, telephone number, email, state and county voter registration IDs. 
Employment Data: company name, job title, and an income range.
Consumer preference data: purchased from third party providers and directly from consumers in survey responses
",Yes,No,,,0,,"National Opinion Institute does not publicly post information online and performs due diligence before allowing third parties to access its products and services. National Opinion Institute contractually requires third parties accessing its products and services to comply with the law, including applicable data protection laws, and industry standards and guidelines. Additional information about data collecting practices can be found at https://nationalopinioninstitute.com/privacy/.",Lisa Wetzel,Director Data Services,1/12/2026
20260027,"Babel Street, Inc.","1900 RESTON METRO PLZ , RESTON , VA , 20190-5952 , United States",privacy@babelstreet.com,babelstreet.com,https://www.babelstreet.com/privacy,7039563572,Preston Bukaty,"Babel Street products make a variety of publicly and commercially available data sources and search tools available to customers, who then decide which sources to search. Babel Street’s customers actively design, select and initiate searches of publicly and commercially available information based on the purposes relevant to their organizations’ goals and missions, and subject to any applicable legal requirements. Babel Street is not a bulk data provider. It acts at the customer’s direction, and the customer determines whether and how to process, retain, and delete any data that it retrieves through its searches.

Customers can retrieve information through their use of Babel Street products, such as:

-Information from publicly and commercially available data sources, including: news outlets, blogs, message boards, consumer sites, social media platforms, and traditional web or deep and dark web searches
-Other information which customers may choose to search for using our Products, including identification and background information, interactions through online platforms, interests, professional and personal data, posts and user sentiment
-Any data collected by customers will be dependent on the nature of information available online at the time of the search, along with the data sources selected by the customer and the design of the customer’s search. This may include name and contact details (e.g., location/address, email address, phone number, etc.), citizenship status, marriage status, employment history, birth date, educational history, job title(s), criminal background, and/or location data.

If a Babel Street customer searches for personal information, the customer contractually represents to Babel Street that his or her organization has the authority to conduct such searches and retrieve any associated data.",Yes,No,,,0,,,Preston Bukaty,Privacy & Compliance Specialist,1/27/2026
20260026,Plug Chargers LLC,"4515 N SANTA FE AVE , OKLAHOMA CITY , OK , 73118-7901 , United States",blakehogan@plug-industries.com,www.plug-industries.com,https://plug-industries.com/opt-out,7135153694,Blake Hogan,"Data used for marketing purposes- name, address",No,No,,,0,,,Linda Pevehouse,Manager of Compliance,2/10/2026
20260025,Rickenbacher Data LLC,"131 E VIEW CT , DOUBLE OAK , TX , 75077-3033 , United States",SALES@DATAMASTERS.ORG,www.datamasters.org,https://www.datamasters.org/opt-out/,4693281160,david Rickenbacher,"https://www.datamasters.org/privacy-policy/

Consumer Data and Business Data for Direct Marketing ",Yes,No,,,0,,"Datamasters is a Reseller of Data for Direct Mail Purposes and does not Compile, Maintain or House any Consumer Related Data and Deletes all consumer Data within 30 days of Delivery to cusotmer.",David Rickenbacher,Owner,1/28/2026
20260024,"Vistar Media, Inc. ","625 AVENUE OF THE AMERICAS, 2nd Fl. , NEW YORK , NY , 10011-2020 , United States",privacy@vistarmedia.com,https://www.vistarmedia.com ,https://www.vistarmedia.com/privacy-choices  ,6467807607,Fazim Bacchus,"We provide the Services using personal information obtained from third parties, such as our clients, data suppliers, and measurement partners. We may process the following types of personal information in the course of providing the Services:

Device Information: We may receive information such as device identifiers, mobile advertising identifiers, and device type. We may also receive information regarding devices that presented or were near Vistar-facilitated advertisements.
Demographic Information: We may receive demographic information, such as information about income or age range and household locations, associated with device identifiers.
Device Location Histories: We may receive device location histories associated with device identifiers.
Commercial Activity and Preferences: We may receive information about commercial activity, such as preferences such as buying preferences, associated with device identifiers. We may also receive survey responses tied to device or other unique identifiers.
The Services do not require – and we do not aim to collect – information that directly reveals an individual’s identity, such as name or email address.",Yes,No,,,0,,N/A,Fazim Bacchus,"SVP, General Counsel, Data Protection Officer",1/30/2026
20260023,Intent IQ LLC,"250 BROADWAY , NEW YORK , NY , 10007-2585 , United States",eitan.krasner@intentiq.com,www.intentiq.com,https://www.intentiq.com/opt-out/,972545657165,Eitan Krasner,"We are processing IP, user agent, Hashed Emails and browsing history which is used to build an identity graph. this identity graph is used to enrich ad tech interactions ",Yes,No,,,0,,"We are operating under SOC2, this is our trust center link https://intentiq-com.trustcenter.scytale.ai/
In addition we are registered as data brokers also in CCPA, Vermont, UK, GDPR and Oregon ",Eitan Krasner,VP of Product Management ,1/25/2026
20260022,"Circana, LLC","203 N LA SALLE ST , CHICAGO , IL , 60601-1228 , United States",privacy@circana.com,www.circana.com,https://privacyportal.onetrust.com/webform/95580356-b46a-4234-8f47-d824de4dbbc6/2de05774-2e3d-45b0-a7c2-45bb6ba50ab1,3127261221,Victor DeLorenzo,"In its capacity as a data broker, Circana, LLC processes and transfers  the following categories of personal data: demographic data (such as age, sex, date of birth, zip code, gender, marital status, education level, occupation, household income, household size and composition, race, ethnicity, religion, and health and wellness data), information about consumers’ purchasing and consumption habits and preferences, and information about ads consumers may have viewed.",Yes,No,,,0,,"On September 30, 2025, Circana, LLC merged with NC Ventures, LLC. This data broker registration reflects the relevant data broker processing activities of the new Circana, LLC entity post-merger.",Victor DeLorenzo,"VP, Chief Data Privacy Officer",1/29/2026
20260021,"DB SUB, LLC","1209 N ORANGE ST , WILMINGTON , DE , 19801-1120 , United States",josh.torres@partech.com,https://partech.com/dbsubllc,https://partech.com/dbsubllc,3157438273,Josh Torres,"Identifiers, such as name, postal and email address, telephone number, and other contact information, and online identifiers such as device IDs and IP addresses; Commercial Information, including your purchase history and data about your purchasing tendencies; Internet or Other Network Activity, including information regarding your interaction with a website; Geolocation Data (but not precise geolocation data) for retail locations where purchases were made;  and Professional or Employment Information, including your industry sector or segment and salary range; Education Information, including your education level; and Inferences that have been drawn from the above-listed information.",Yes,No,,,0,,,Josh Torres,"Vice President, Information Security & Privacy",1/14/2026
20260020,IDMAP INC,"8 THE GRN NUM 20070 , DOVER , DE , 19901-3618 , United States",michael.belsky@idmap.ai,idmap.ai,https://idmap.ai/privacy-policy.html,7757667006,Ashfaq Rahman,"Ip addresses, maid, precise geolocation, internet activity",Yes,No,,,0,,,Zane Witherspoon,Authorized Registrant,1/27/2026
20260019,Visual Visitor LLC,"7400 BAYMEADOWS WAY , JACKSONVILLE , FL , 32256-6839 , United States",privacy@visualvisitor.com,visualvisitor.com,https://www.visualvisitor.com/legal-agreements/,6784967895,Mark Ihlenburg,"Names, addresses, emails, phone numbers, income range, work history, IP Address, Internet Activity",No,No,,,0,,,Superset Labs,Authorized Registrant,1/25/2026
20260018,Global Source Data Solutions Inc,"3410 GALT OCEAN DR 2103N , FORT LAUDERDALE , FL , 33308-7280 , United States",privacy@gsdsi.com,gsdsi.com,https://gsdsi.com/privacy,9542707722,Andrew Marcus,"Names, addresses, email addresses, phone numbers, precise geolocation, Mobile Advertising ID, DoB, Financial Data, internet activity, VINs, citizenship data, union membership data, sexual identity",No,No,,,0,,,Superset Labs,Authorized Registrant,1/20/2026
20260017,"IQVIA Digital, Inc. ","100 IMS DR , PARSIPPANY , NJ , 07054-2957 , United States",privacyofficer@iqvia.com,https://www.iqviadigital.com/,https://privacyportal.onetrust.com/webform/07e8dc4d-6686-403e-9b11-39fe7347d2f4/2f999bd2-c826-498c-a504-894eaf543b6f,8662674479,Kim Gray,"Research Studies-Related Information. We use research study participants’ Personal Information to carry out study-related services and pharmacovigilance. 

Human Resources-Related Information. We process Company Personnel’s Personal Information to carry out human resources functions. We process job applicants’ Personal Information to evaluate their suitability for positions. 

Business Contacts. We collect contact information for business contacts. 

Health Care Professionals. We collect information about health care professionals from the professionals, public sources, and business partners. 

Customers and Program Participant Information. For Individuals sharing Personal Information to inquire about our products or services or receive information, we use such information to provide the requested products, services, or information. 

Data Analytics Functions. We obtain and process information about Individuals for data analytics purposes. 

Marketing and Advertising Services. We use Personal Information that we collect ourselves and through data licensors, information from websites or devices, web and mobile logs, and connected device data, to provide marketing and advertising services to customers.

Our commercial purposes. We may choose to rent, release, disclose, disseminate, make available, or sell your Personal Information or Sensitive Personal Information (including, for example, Data Segments; name, address, and email address information, along with information about your likely consumer preferences, interests, or demographics; information that we or our business partners collect passively through websites or mobile devices (or other devices) including cookie IDs, Apple mobile IDFA identifiers and Android mobile Advertising IDs, or unique identifiers tied to those identifiers; and web and mobile log data) to our business partners, affiliates, parents, subsidiaries, and successors in return for monetary or other valuable consideration.
",Yes,No,,,0,,Additional information about our privacy practices can be found at https://www.iqvia.com/about-us/privacy.,Kim Gray,Chief Privacy Officer,1/27/2026
20260016,Gigabite Inc,"252 NW 29TH ST , MIAMI , FL , 33127-3902 , United States",privacy@boam.com,https://boam.ai/,https://boam.ai/privacy-policy,4086135720,Stuart Murless,"Name, Email address, Address, Phone number and Age

",Yes,No,,,0,,,Stuart Murless,CFO,1/22/2026
20260015,Outkeep LLC,"404 WATERWAY DR , LEXINGTON , NC , 27292-7849 , United States",george.linville@outkeep.com,www.outkeep.com,https://outkeep.com/legal/,7042315073,George Linville,"Outkeep processes and transfers business-to-business professional contact and firmographic information for commercial marketing and analytics purposes. Data categories include:
	•	Business contact information, such as name, professional title, employer, business email address, and business phone number
	•	Company and firmographic information, such as company name, industry, size, location, and publicly available business attributes
	•	Professional profile and employment information derived from public or licensed sources
	•	Inferred business attributes used for audience segmentation and analytics
	•	Technical and usage metadata related to platform access and service delivery

Outkeep does not intentionally collect or process sensitive personal data, biometric data, health data, financial account data, or data of known minors. Outkeep’s services are intended exclusively for business-to-business use.",Yes,No,,,0,,,George Linville,CEO,1/9/2026
20260014,"Aristotle International, Inc.","205 PENNSYLVANIA AVE SE , WASHINGTON , DC , 20003-1164 , United States",david.mason@aristotle.com,www.aristotle.com,https://www.aristotle.com/privacy/,2025537303,David Mason,"Name, address, email, phone number, date of birth, consumer preferences, demographic characteristics, issue interests, residence type, home value, voter data (use restricted per Section 18.066 of Texas Election Code), age (may be inferred), education, gender, income and net worth (by category, inferred), auto ownership, recent address changes.",Yes,No,,,0,,"Aristotle requires our data sources to certify that they have collected data permissibly, with consumer
consent where required. We vet our data sources to ensure they are reputable and reliable as to their
assurances. Aristotle requires data recipients to comply with all applicable laws and data use restrictions
and to store data securely. Use restrictions for restricted data are stated specifically in contracts. Aristotle
investigates potential data recipients to ensure that they are reputable and, for restricted data categories
such as voter data, that they are eligible recipients (such as campaigns and political parties).",David Mason,General Counsel,1/9/2026
20260013,AggKnowledge Inc.,"271A 22ND ST , BROOKLYN , NY , 11215-6589 , United States",privacy@aggknowledge.ai,aggknowledge.ai,https://www.aggknowledge.ai/privacypolicy,9172832477,Jonathan Zajac,"Aggknowledge collects contact information like name, phone number, email",No,No,,,0,,,Zane Witherspoon,Authorized Registrant,1/8/2026
20260012,"Response America Data, Inc.","3515 WEDGEWOOD LN SUITE 110 , THE VILLAGES , FL , 32162-7187 , United States",ncoa@responseamerica.net,responseamerica.net,https://responseamerica.net/privacy_dec.html,8149359796,Spencer Wiggins,"DoB, MAID, Ip Address, internet activity",No,No,,,0,,,Zane Witherspoon,Authorized Registrant,1/28/2026
20260011,"Key Marketing Advantage, LLC","7 EDMUND RD , NEWTOWN , CT , 06470-1650 , United States",lbridson@keymarketingadvantage.com,www.keymarketingadvantage.com,https://keymarketingadvantage.com/do_not_use_my_personal_information         https://keymarketingadvantage.com/privacy_policy,2034912200,Linda Carriere,"KMA uses data to create prospect lists for major advertisers to solicit consumers via direct mail and email. We generate the list of just the consumers name and address.  We do not deal in PII, sensitive data, Biometric Data, Children under 18, etc.",Yes,No,,,0,,"Since inception, KMA has taken data privacy, security and consumers rights very seriously, We address any complaint or request to delete information immediately and comply with all Industry regulations for compliance.  We service only reputable (vetted) advertisers for their customer acquisition marketing.

KMA does not collect data, we obtain data from data compilers. We use that data for customer acquisition for Advertisers and we only output name and address.",Linda Carriere,Owner,1/28/2026
20260010,Lara Agency Inc,"1880 S DAIRY ASHFORD RD , HOUSTON , TX , 77077-4854 , United States",larafinancial@gmail.com,https://agents.farmers.com/tx/houston/jose-lara/?SourceID=AMPALFGMAG&utm_medium=Local&utm_source=GMB,https://agents.farmers.com/tx/houston/jose-lara/?SourceID=AMPALFGMAG&utm_medium=Local&utm_source=GMB,7132780557,Jose Lara,The data processed is insurance proposals are provided to consumers who went online to request an insurance proposal. The consumers are contacted and provided with the online insurance proposal they requested online. ,No,No,,,0,,,Jose Lara,Owner,1/2/2026
20260009,"Digital Viking Media, Inc","13681 NEWPORT AVE , TUSTIN , CA , 92780-4689 , United States",privacy@digitalvikingmedia.com,www.digitalvikingmedia.com,https://www.digitalvikingmedia.com/privacy-policy,5032030001,Jen Harold,Consumer contact data that have opted into advertising campaigns,Yes,No,,,0,,Not applicable,Tara Hamilton,Director of Revenue,1/12/2026
20260008,Titan Locators,"11402 Tara Pl , Pearland , TX , 77584 , United States",benlarocca626@gmail.com,https://secondchanceapartments.com/,https://secondchanceapartments.com/privacy-policy/,8327314878,Benjamin LaRocca,"As part of our operations, we collect, process, and transfer the following categories of consumer data, which may include:

Identifiers: Name, phone number, email address, and mailing address

Demographic Information: Age range, marital status, and household composition (if disclosed)

Commercial Information: Purchase history, intent to buy or lease property, or expressed interest in related services (e.g. legal assistance, moving, insurance)

Internet or Electronic Activity: Information submitted through consumer-facing web forms, metadata from inquiries, and opt-in web activity related to requested services

All data is collected through consensual and transparent means, including online lead forms and third-party partners who comply with all privacy laws. We do not collect data on minors, nor do we engage in scraping or unauthorized data acquisition.

The data is used strictly to match consumers with services or products they have explicitly expressed interest in and may be shared only with vetted partners in real estate, credit repair, insurance, and related industries.
",Yes,No,,,0,,"Our data collection practices are limited exclusively to high-intent consumer leads generated through fully opt-in web forms and inquiries. These inquiries are related to services such as housing, credit repair, and financial products. We do not collect data from minors, nor do we engage in automated scraping or purchase third-party lists. All collected data is securely stored and only shared with vetted purchasers who meet our internal compliance criteria. We maintain a strict policy of transparency, data integrity, and privacy compliance in accordance with Texas regulations.",Benjamin LaRocca,Owner & Data Broker,1/5/2026
20260007,TargetSmart Communications LLC,"5301 S KIRKMAN RD , ORLANDO , FL , 32819 , United States",gerald.allen@targetsmart.com,www.targetsmart.com,https://targetsmart.com/about-targetsmart/support-center/privacy-policy/,2025073103,Gerald Allen,"Identifiers, data collected from our websites, data collected from prospective or existing clients, commercial information, internet or electronic network activity, geolocation data, professional or employment-related information, educational information, and inferences drawn from data about predicted characteristics and preferences.",Yes,No,,,0,,TargetSmart's data privacy and collection practices are extensively outlined on the TargetSmart Privacy Policy website at https://privacy.targetsmart.com.,Gerald Allen,General Counsel,1/5/2026
20260006,CTAM LeadShare Corp,"2000 DUKE ST , ALEXANDRIA , VA , 22314-6116 , United States",zell@ctam.com,www.smartmove.us,www.smartmove.us,3014858933,Zell Murphy,"We collect information about you that is provided by you to us or a Cable Provider or Service Provider, such as your name, address, telephone numbers, e-mail addresses and other information that can identify you as a specific individual (""Information"").  ",No,No,,,0,,"Information Collected About You
We collect information about you that is provided by you to us or a Cable Provider or Service Provider, such as your name, address, telephone numbers, e-mail addresses and other information that can identify you as a specific individual (""Information""). On those pages of the Website where Information is collected in order for you to purchase or request further information about a product or service, we describe what information is required in order to provide you with the product, service or information that you have requested. We do not knowingly collect information from children under 13. If a Service Provider requires a birth date to order a specific product or service, you may not be able to enter a birth date that indicates that you are less than 13 years old. We collect Information when you:

Become authorized to use the Website
Purchase a product or service
Request further information regarding a product or service
Disconnect a service
Contact us",Zell Murphy,Chief Financial Officer,1/5/2026
20260005,Statara Solutions LLC,"502 SILVERSIDE RD , WILMINGTON , DE , 19809-1318 , United States",gerald.allen@statara.com,https://statara.com/,https://statara.com/privacy/,2025073103,Gerald Allen,"Personal identifiers, device information, information about those individuals that visit our websites, information regarding current and prospective clients, commercial information, internet or other electronic network activity, professional or employment information, and inferences drawn from this data.",Yes,No,,,0,,Statara's data privacy and collection practices are extensively outlined in Statara's Privacy Policy website at https://statara.com/privacy/. ,Gerald Allen,General Counsel,1/5/2026
20260004,Analyze Corporation,"3554 CHAIN BRIDGE RD , Sterling , VA , 20164 , United States",ed@analyzecorp.com,analyzecorp.com,https://www.analyzecorp.com/privacy-policy/,7037853737,EDWARD LORENZINI,"The Analyze360 consumer sociomeetric dataset is an aggregated consumer mailing list with the following information for approximately 220m US adults:

Name, Address, Telephone Number and, in some instances, email address
Age, Homeowner Status, Income (Modeled by Census Tract), Net Worth (Modeled)
175 consumer buying preferences sourced from surveys and magazine subscriptions (e.g. watches tv sports, owns a pet, travels for fun. Full list at analyzecorp.com)

Data files are sourced from other online data brokers: Select Phone Data, Experian, InfoUSA.

Analyz360's sofware-as-a-service customers can use the database to find lookalike audiences for marketing purposes. The platform supplies mailing list contact information for these lookalike audiences.",Yes,No,,,0,,,Edward Lorenzini,CEO,1/5/2026
20260003,Nuwber Inc.,"700 N FAIRFAX ST , ALEXANDRIA , VA , 22314-2085 , United States",tb@nuwber.com,nuwber.com,https://nuwber.com/policy,8449121292,Tatiana Borodina,"Publicly available information obtained from government records and other publicly available sources, including property records, street addresses, criminal records, names, and telephone numbers.",No,No,,,0,,"Individuals can suppress search results about themselves and opt out of having their information displayed on Nuwber by using the Nuwber opt‑out tool. This tool is easily accessible through the “Remove My Info” link found on every page of the Nuwber website. Alternatively, individuals may contact customer support by emailing support@nuwber.com or calling (844) 912‑1292 during business hours.
Information about Nuwber’s data processing practices is available in its Privacy Policy at https://nuwber.com/policy.",Tatiana Borodina,CEO,1/3/2026
20260002,"OWMN, LTD.","140 E RIDGEWOOD AVE , PARAMUS , NJ , 07652-3915 , United States",privacy@thebridgecorp.com,thebridgecorp.com,https://www.thebridgecorp.com/privacy-policy/,2129915633,Josh Hirsch,"Employee, Employee Data, Individual, Personal data, Demographic data (age, gender, household income), geographic data (state, city, county code, zip code). We do NOT collect any sensitive data or data on children. 

",Yes,No,,,0,,"The BRIDGE consumer database has over 250M real, verified individuals. 100% opt-in and permission-based. Specifically, BRIDGE collects NAME/POSTAL/EMAIL/MAIDs. Also, BRIDGE collects CRM data.

BRIDGE collects 1st party mobile data directly from consumers via mobile publishers. BRIDGE also collects data via offline and online surveys/polls for households and individuals, email opt-ins, geospatial data, and 3rd party data sources. BRIDGE does not track or manage information regarding any tracking or monitoring data on individual movement or geographic specific locations in time. 

BRIDGE DOES NOT collect personal data such as SS#, credit card, driver’s license, HIPPA/biometric data, or other specific volatile personal data. 

Once a user opts in to Bridge, the following data is collected but not limited to: users email address, mobile app usage, first and last name, postal address, language, and apps installed on the device. The PII BRIDGE collects is 100% permissioned based, opt-in data.

Our data is 100% opt-in and is built with the highest privacy and compliance standards in the industry. Consumers must opt-in through multiple layers of permission and can opt-out at any time. Our Data is CCPA, GDPR, and CAN-SPAM compliant, and we are members of the Digital Advertising Alliance which provides consumers with visibility into how their data is collected online. Finally, users can refuse consent at any time and we suppress all records that have been flagged as opt-outs.

If an individual opts-out, we remove all data pertaining to that individual and only retain in an encrypted form the contact information regarding that individual in a suppression file so that in future database loads we can suppress it from all campaigns. We follow the ""right to refuse"" guidelines and do not retain any demographic, interest or digital activity on that person except for the encrypted data used in suppression.",Josh Hirsch,"VP, Data Services",1/2/2026
20260001,"M1 Data & Analytics, LLC","1000 NW 65TH ST , FORT LAUDERDALE , FL , 33309-1113 , United States",gashe@m1-data.com,m1-data.com,https://m1-data.com/unsubscribe/,9546078179,Gregory Ashe,"Consumer postal, email, demographic, behavioral and lifestyle data attributes. Device level meta data to and including location based data.",Yes,No,,,0,,"Consumers have the ability to opt-out or enter a request to know what data elements have been collected on them, how they have been used and to whom those data elements have been shared. Consumers can do this electronically, by mail or by phone. Consumers also have the ability to independently control personally identifiable information and sensitive personally identifiable information. We have added the same opt out methodologies for 3rd party companies acting on behalf of consumers through a power of attorney.",Gregory Ashe,President,1/5/2026
20250220,"Rushmore Labs, LLC","4111 E 37TH ST N , WICHITA , KS , 67220-3203 , United States",privacy@rushmorelabs.com,https://rushmorelabs.com/,https://rushmorelabs.com/disclosures/,8446642552,Lisa Wetzel,"Contact Information: Name, address, telephone number, email, state and county voter registration IDs. 
Employment Data: company name, job title, and an income range.
Consumer preference data: purchased from third party providers. ",Yes,No,,,0,,"Rushmore Labs does not publicly post information online and performs due diligence before allowing third parties to access its products and services. Rushmore Labs contractually requires third parties accessing its products and services to comply with the law, including applicable data protection laws, and industry standards and guidelines. Additional information about data collecting practices can be found at https://rushmorelabs.com/privacy-policy/. ",Lisa Wetzel,Director Data Services,12/17/2025
20250219,Virtual Marketing LLC,"222 MERCHANDISE MART PLZ , CHICAGO , IL , 60654-1012 , United States",databroker@fusion92.com,https://www.fusion92.com/,https://www.fusion92.com/privacy-choices,18885504864,Kevin Dean,"We may process: Personal identifiers such as names, postal address, email address; Demographic data such as age, gender, known or inferred ethnicity/race, religion, political party affiliation; Online identifiers such as cookie IDs, IP address, mobile advertising identifiers (MAIDs), synthetic 'probabilistic' identifiers based on a combination of browser or other device-specific attributes; Internet/Network activity such as website or mobile app visitation or engagement activities such as webpages visited, click-throughs, and approximate location based on IP address; Commercial records such as personal property or automative purchases, leases, liens, and buying activities or interests based on commercial or transaction information; Professional or employment-related information such as previous, prospective, and current employment information including roles, titles, and education information, including certifications and credentials; and Sensitive information such as information related to consumers health. We may also make inferences about consumers. ",Yes,No,,,0,,You can learn more about our practices by reviewing our privacy policy located at https://www.fusion92.com/privacy-policy,McKenzie Thomsen,outside counsel,12/10/2025
20250218,True Blue Analytics LLC,"919 N MARKET ST , WILMINGTON , DE , 19801-3036 , United States",ben@trueblueanalytics.org,trueblueanalytics.org,https://trueblueanalytics.org/privacy-policy,7735304378,Benjamin Bobo,"We collect personal identifying information, demographics, and donor data in order to help predict donor behavior.  We do -not- collect sensitive information, biometric information, financial information, or healthcare information. Our primary focus is on email and cell phone contact data.",Yes,No,,,0,,We focus almost entirely on identifying donors and trying to predict donor behavior.,Benjamin Bobo,Partner,12/23/2025
20250217,Irys Inc,"244 5th avenue , New York City , NY , 10031 , United States",Privacy@irys.us,https://irys.us,https://irys.us/privacy-policy,3199369044,Vipula Patel,"Irys is a geospatial analytics company that deals with mobility data, specifically the latitude and longitude of mobile devices. The data processed and transferred is the mobile phone lat/lng",Yes,No,,,0,,"All of the data Irys collects is through opt-in, consented users. Irys has an explicit privacy policy and a means for users to contact the company to request that their device information not be shared.

https://irys.us/privacy-policy

",Zane Witherspoon,Authorized Registrant,4/21/2026
20250216,Wiza Inc.,"4th Floor - 1162 BROADWAY , NEW YORK , NY , 10001-7500 , United States",harrison@wiza.com,www.wiza.com,https://wiza.co/privacy,9172320799,Harrison Apitz-Grossman,"Wiza processes and transfers professional business contact and employment data related to individuals acting in a business or professional capacity. The categories of data include:

• Professional identifying information — full name, current and past job titles, company names, professional roles, and work history.
• Business contact information — business email addresses, company phone numbers, LinkedIn profile URLs, and other publicly available business identifiers.
• Company and organizational data — employer names, industry classification, company size, location, and domain-level firmographic details.
• Derived or inferred professional data — seniority level, department association, or professional interests inferred from employment data.

All data processed is intended solely for legitimate business-to-business marketing, sales, and communication purposes in accordance with applicable privacy and consumer-data protection laws.",Yes,No,,,0,,"Wiza collects and processes contact data from well-known, 3rd party sources and aggregates them for our users' ease of use. Please refer to our privacy policy for more information on our compliance to regulations around the world: https://wiza.co/privacy",Harrison Apitz-Grossman,Chief Operating Officer,10/29/2025
20250215,"Outward Media, Inc.","9229 W SUNSET BLVD , LOS ANGELES , CA , 90069-3402 , United States",privacy@outwardmedia.com,https://outwardmedia.com/,https://outwardmedia.com/privacypolicy,7812587380,Paula Chiocchi,"OMI provides B2B data for marketing to individuals based on demographics such as name, email, job title, company name and company address.",Yes,No,,,0,,OMI's data is 97% opt in.,Paula Chiocchi,Founder and CEO,10/27/2025
20250214,Collectors Datastore LLC,"223 W ERIE ST , CHICAGO , IL , 60654-3920 , United States",hdenniston@ludex.ai,thecollectorsdatastore.com,www.fanalyticsiq.com/privacy-policy,6303090204,Heather Denniston,"Commercial Information (transaction history, card collection activity, marketplace activity, preferences, or other consumer activity data), Internet or Other Electronic Network Activity (IP address, browsing and search activity, interactions with our Services), Device Information (MAC address, cookie identifiers, browser or device details, mobile carrier, mobile advertising identifiers), Geolocation Information (approximate location from IP address), Inferences (profiles or summaries about an individual’s preferences or characteristics)",Yes,No,,,0,,,Heather Denniston,CEO,10/21/2025
20250213,Mobile Technology Corporation,"7193 S POPLAR ST , CENTENNIAL , CO , 80112-1629 , United States",accounting@onspotdata.com,www.onspotdata.com,https://www.onspotdata.com/privacy-policy/,7206969935,Dale Hartzell,"OnSpot processes precise location data for mobile devices and household level demographic data.  All data transferred for reporting, analytics, digital ad targeting, and campaign management is anonymized.",No,No,,,0,,,Dale Hartzell,COO,12/23/2025
20250212,"Anteriad, LLC","441 LEXINGTON AVE , NEW YORK , NY , SM7 2LD , United States",jhiggleton@anteriad.com,www.anteriad.com,https://forms.anteriad.com/privacy-portal?utm_source=website&utm_medium=lp&utm_campaign=2025,07799078847,Johanna Higgleton,"Anteriad  are a business-to-business service provider, processing and transferring B2B data, consisting of:
Name, Job Title, Company Name, Company Address, Company Telephone Number, Company Email Address.",Yes,No,,,0,,"An in-depth Overview of Anteriad’s data collection/processing practices can be found at http://www.anteriad.com/privacy-policy.  Anteriad does not collect information directly from consumers, we are a business-to-business service provider.",Johanna Higgleton,VP Data & Privacy,10/30/2025
20250211,Xcelerated Data LLC,"129 S MAIN ST , GRAPEVINE , TX , 76051-5488 , United States",privacy@xcelerated.com,xcelerated.com,https://www.xcelerated.com/privacy,8772369155,Pam Lang,"Xcelerated Data LLC processes consumer and vehicle-related data for lawful marketing, analytics, and data management purposes. Categories of data may include identifiers (name, postal address, email, phone number); vehicle details (make, model, year, VIN, ownership indicators); contact preferences; general demographic indicators (age range, income bracket, home ownership); digital identifiers (e.g., hashed emails or marketing IDs); and geographic information (ZIP code, distance ranges). Data is obtained from permissible sources and processed in accordance with applicable privacy and data protection laws.",Yes,No,,,0,,"Xcelerated Data LLC is committed to responsible data practices and privacy compliance. The company processes data from permissible sources for marketing, analytics, and audience measurement purposes. All activities are conducted in accordance with applicable privacy laws. Xcelerated maintains a written information security program and opt-out procedures aligned with the Texas Data Privacy and Security Act and similar state laws.",Pam Lang,President,10/23/2025
20250210,Optable Technologies US Inc.,"1209 N ORANGE ST , WILMINGTON , DE , 19801-1120 , United States",legal@optable.co,optable.co,https://terms.optable.co/privacy/opt-out-and-suppression-of-brokered-data,3023943980,Cees Plaizier,"Identifiers & contact (name, postal/mailing address, email, phone, IP/home IP, unique personal/online IDs incl. cookies/cookie IDs, UID2.0, MAIDs—IDFA/GAID, CTV IDs—IFA/IFA_TYPE, deterministic shared IDs), device/network data (device attributes, OS/browser, Wi-Fi SSID, ambient signals, app installs, timestamps), internet/app activity (site/app visitation, ad interactions/events), geolocation (precise & coarse lat/long/altitude, timezone, country/region), demographics (age, gender, language, education, ethnicity, marital status, homeowner, household income/size, children), employment (status/industry), commercial (purchase/transaction), audience attributes & inferences (interests, preferences, behavioral/demographic/media segments, purchase intent, propensity/engagement scores, profiles on characteristics/trends/attitudes/abilities), and privacy preferences (opt-outs, Global Privacy Control).",Yes,No,,,0,,,Vlad Stesin,CEO,11/4/2025
20250209,DecisionLinks LLC,"3215 GONZALES ST , AUSTIN , TX , 78702-4011 , United States",support@decisionlinks.com,https://www.decisionlinks.com/,https://www.decisionlinks.com/legal-pages/privacy-policy,80034329552,Stephanie Maug,We are a contracted agent processor of Equifax. We support credit marketing for their clients. All data is handled with FCRA compliance. ,Yes,No,,,0,,"We work with Equifax prescreen credit data. The FCRA requires a firm offer of credit is required to utilize this data. Equifax collects and provides the data, we review marketing material to ensure FCRA compliance is met before data can be delivered to Equifax approved vendors.
We are a contracted agent processor of Equifax. We support credit marketing for their clients. Equifax provides us with the data.",Stephanie Maug,Senior Director ,12/1/2025
20250208,"Collective Data Solutions, LLC","301 CEDAR ST , SANDPOINT , ID , 83864-1425 , United States",legal@collective.io,https://www.collective data.io/,https://www.collectivedata.io/website-visitor-privacy-policy/,3608707333,Sam McCabe,"Identifiers (device ID, MAID, IP address, hashed email); Commercial information (app activity); Internet or other electronic network activity information (browsing & search history, MAID, device attributes such as make, model, operating system); Geolocation Data (precise geolocation data, including latitude-longitude coordinates obtained from apps via requests to the mobile device operating system- note- the Collective marketplace service does not collect precise geolocation in real-time); and Inferences drawn from any of the information collected to create a profile about the consumer (demographics, behavior and interests).",No,No,,,0,,,Joey Myers,Senior In-House Counsel,12/11/2025
20250207,"ROR Partners, LLC","6543 LAS VEGAS BLVD S, 2nd floor , LAS VEGAS , NV , 89119-3223 , United States",legal@rorpartners.com,rorpartners.com,https://rorpartners.com/privacy-policy,7074844836,Rob Shantz,"Identifiers
Includes direct identifiers, such as name, alias user ID, username, account number or unique personal identifier; email address, phone number, postal address and other contact information; IP address and other online identifiers; and other similar identifiers. 

Customer Records
Includes personal information, such as name, account name, user ID, contact information, employer, account number.  For example, this may include information collected when an individual registers for an account, purchases or orders our products and services, or enters into an agreement with Clients related to our products and services. 

Protected Classification Data
Includes age (over 40) and gender. 

Commercial Information 
Includes records of products or services purchased, obtained, or considered, or other purchasing or use histories or tendencies. For example, this may include demographic information that we receive from third parties to better understand and reach our customers. 

Usage Data 
Includes browsing history, clickstream data, offline behavior (e.g., health and fitness interests), access logs and other usage data and information regarding an individual’s interaction with our Data Sources and other services, and our marketing emails and online ads. 

Geolocation Data
This may be collected when you check into a Client’s facility. 

Professional information 
Professional and employment-related information (such as current and former employer(s) and position(s), business contact information). For example, if your employer sponsors your membership plan with Clients. 

Inferences 
Inferences drawn from other personal information that we collect to create a profile reflecting an individual’s preferences, characteristics, predispositions, behavior, abilities, or aptitudes. For example, we may analyze personal information to identify the offers and information that may be most relevant to customers, so that we can better reach them with relevant offers and ads. ",Yes,Yes,"None of this data is used in connection with our processing, sales, or other brokering activities.  In fact, the data is filtered out before we transfer to our data warehouse, and we do not use this data for any purpose. ","None of this data is used in connection with our processing, sales, or other brokering activities.  In fact, the data is filtered out before we transfer to our data warehouse, and we do not use this data for any purpose. ",0,,,Robert Shantz,SVP - Chief Legal Officer,11/26/2025
20250206,"Allant Group, LLC","2655 WARRENVILLE RD , DOWNERS GROVE , IL , 60515-5647 , United States",drosenstein@allantgroup.com,https://allantgroup.com,https://allantgroup.com/privacy-policy,6305792989,David Rosenstein,"Allant processes and transfers the following categories of data about adult U.S. consumers:

• Basic identifiers: name, postal address, phone number, and email address.  ￼
• Household and demographic information: number of household members; adult household members’ age or age range and gender; marital status; presence and number of children; children’s gender and year of birth or age range (to the extent provided as household-level marketing attributes).  ￼
• Property and automotive data: home value, length of residence, mortgage-related indicators, property status (e.g., on market or recently sold), and information about owned vehicles such as type and make.  ￼
• Consumer preferences and purchase behavior: shopping habits; frequency and method of purchases (mail, phone, online); and typical or preferred spend levels.  ￼
• Media and technology usage: internet access at home or work; mobile phone and TV providers; social media usage; gaming, music download, and streaming behavior.  ￼
• Interests and lifestyle indicators: hobbies; sports interests; news, TV, and movie preferences; cooking and dining habits; affinity for theater or pubs; and charitable interests and donation behavior.  ￼
• Financial/credit-related indicators (non-FCRA): presence of store or loyalty cards and ownership of bank or credit cards (we do not collect card numbers, account numbers, or full credit histories for these purposes).  ￼
• Online and device information: IP address, device identifiers, visited websites, and interactions with web pages and applications used for marketing analytics and audience targeting.  ￼

Allant does not knowingly collect or process data related to individuals under the age of 18, and we correct or delete misclassified data if identified.  ￼",Yes,No,,,0,,"Allant Group acquires personal information primarily from third-party data providers, client-provided data, public records, and service providers to help our clients identify and reach adult U.S. consumers for marketing and analytics purposes. The information we process is largely marketing-related and includes identifiers (name, address, phone, email), household and demographic attributes, property and automotive signals, consumer preferences and purchase behavior, media and technology usage, interests and lifestyle indicators, limited non-FCRA financial indicators (such as presence of loyalty or bank cards, but not account numbers or full credit histories), and online behavioral data (e.g., IP address, device identifiers, and interactions with websites and apps).

We use this data to support audience identification, targeting, and measurement for our clients’ marketing campaigns, as well as predictive modeling and analytics to understand consumer preferences and campaign performance. We do not knowingly collect or process data for individuals under 18, and we take steps to correct or delete misclassified records when identified.

Consumers may exercise privacy rights—including the right to opt out of the sale or sharing of personal information—via our online privacy portal, dedicated privacy email address and we also honor industry tools such as the ANA/DMA and National Do Not Call registries. ",David Rosenstein,CSO,12/11/2025
20250205,"WealthFeed, Inc.","222 N PACIFIC COAST HWY , EL SEGUNDO , CA , 90245-5615 , United States",sam@wealthfeed.com,www.wealthfeed.com,https://www.wealthfeed.com/privacy-choices/,4804405539,Sam  Kendree,"WealthFeed processes and transfers professional and business contact information, publicly available and licensed third-party data, demographic and firmographic attributes, advisor-provided data, marketing and engagement analytics, and platform technical data in order to deliver compliant prospecting, marketing automation, and analytics services to financial advisors and their firms. This includes business identifiers (such as name, title, employer, business contact details), publicly available professional and corporate affiliation data, advisor-uploaded prospect and contact records, campaign configuration and engagement metrics, and system audit and security logs. Communications content and metadata may be routed through integrated compliance and archival partners for supervision and retention. WealthFeed does not process or store Social Security numbers, government-issued identification numbers, bank or financial account credentials, payment card data, medical information, biometric data, or consumer credit data.",Yes,No,,,0,,N/A,Sam Kendree,CEO,12/15/2025
20250204,"Stirista, LLC ","777 E Sonterra blvd. , San Antonio , TX , 78258 , United States",h.jones@stirista.com,https://www.stirista.com/,https://www.stirista.com/privacy-policy/,8883206083,Hannah Jones,"Depending on the consumer (and depending on whether the consumer is a client of ours or a member of the public with whom we lack a direct relationship), we may disclose the following categories of information for such purposes which may be considered a sale (as defined by applicable law): identifiers, interests and demographics;
inferenced data, such as whether you may be likely to purchase certain goods in the near future, or information about your demographics (e.g., estimated age or income range).

To opt out of this type of sale, please go to https://unsubscribe.stirista.com/ and follow the instructions on the web page.",Yes,No,,,0,,"Please review out outward facing privacy policy. 

https://www.stirista.com/privacy-policy/",Hannah Jones,Data Business Analyst,12/3/2025
20250203,"Dallas Computer Services, Inc","8751 COLLIN MCKINNEY PKWY , MCKINNEY , TX , 75070-1851 , United States",kgraves@dcsinfosys.com,www.dcsinfosys.com,www.dcsinfosys.com,9724223600,Keith Graves,"DCS purchases data from Texas DPS (DL File and Computerized Criminal File) and from Texas DMV (Vehicle File) along with a 3rd party real property database. DCS provide this data to licensed insurance companies and agents, state, county, local goverment  agencies.  All request must have a DPPA permissible purpose code for each DL and Vehicle requests.",Yes,No,,,0,,"Dallas Computer Services was incorporated in 1968.  In 1998 DCS contracted with HHSC for information verification services. They referred to DCS as ""Data Broker"".  HHSC used the DL, Vehicle, Criminal file, Credit reports all to verify information for application.  DCS worked with HHSC and the OAG until 2017.  Since then, DCS has continued to provide information mainly to the insurance industry.",Keith Graves,President,12/11/2025
20250201,NumLookup LLC,"869 SOMERSET DR NW , ATLANTA , GA , 30327-3732 , United States",hello@numlookup.com,https://www.numlookup.com,https://www.numlookup.com/privacy-policy,8444052145,Tahir Jamil,"Name
Phone Number
Email 
Address
Social Media",No,No,,,0,,"NumLookup mostly provides a basic reverse phone lookup service that users use to get the owner's full name for any phone number. NumLookup does not sell or share any sensitive personal information such as social security, financial data, court information, health data, etc. ",IA,CEO,9/23/2025
20250200,Innovation Brands Corp,"100 CROSBY ST , NEW YORK , NY , 10012-4715 , United States",privacy@proxima.ai,www.proxima.ai,www.proxima.ai/privacy,5099996010,Jeremy Kirchner,"We process and transfer deterministic identity data including email, phone, name, and address)and digital identifiers such as IP, MAIDs, and UID2.0 to facilitate accurate matching . This is combined with granular social commerce transaction data, specifically capturing SKU-level purchase history, basket line items, pricing, and product category attributes",No,No,,,0,,www.proxima.ai/privacy,Jeremy Kirchner,CFO,12/1/2025
20250199,"TRESTLE SOLUTIONS, INC.","12819 SE 38TH ST PMB 263 , BELLEVUE , WA , 98006-1326 , United States",privacy@trestleiq.com,https://trestleiq.com/,,2065294827,Kushal Shah,"Identifiers: Name, postal address, email address, or other similar identifiers.  
Categories of Personal Information in Cal. Civ. Code Section 1798.80(e): Name, address, and telephone number.  
Characteristics of Protected Classifications under Federal Law: Age (over 40) and gender.  ",No,No,,,0,,N/A.,Gwen Wei,Attorney at Focal PLLC,8/9/2025
20250198,"AtData, LLC","770 LEGACY PL , DEDHAM , MA , 02026-6837 , United States",privacysupport@atdata.com,https://www.atdata.com,https://atdata.com/privacy-policy/#section-11,3322404684,Aaron Couts,"Name, postal address, email address",Yes,No,,,0,,,Aaron Couts,VP Operations and Compliance,10/24/2025
20250197,PublicNSA LLC,"9499 COLLINS AVE Apt 509 , SURFSIDE , FL , 33154-2682 , United States",brad@bigdbm.com,WWW.BIGDBM.COM,https://bigdbm.com/privacy-policy/,3365587717,bradley mack,"Identifying information       Name
Identifying information	Postal / Shipping address	
Identifying information	Phone number
Identifying information	IP address
Identifying information	Email address
Identifying information	Device identifier
Identifying information	Alias
Identifying information	Online identifier
Identifying information	Account name
Characteristics of protected classifications	Age
Characteristics of protected classifications	Marital status
Characteristics of protected classifications	Sex
Commercial information	Records of personal property
Commercial information	Purchasing or consuming histories or tendencies
Internet or other electronic activity	Browsing history
Internet or other electronic activity	Search History
Internet or other electronic activity	Information regarding your interaction with our website
or application
Consumer profiling	Inferences are drawn from any other information to
create a profile about the consumer
Sensitive personal information	Race - no longer release
Sensitive personal information	National origin
Sensitive personal information	Religion - no longer release
Sensitive personal information	Ancestry",Yes,No,,,0,,"NOTE: The official legal name of BIGDBM is PublicNSA LLC, and we use BIGDBM as our ""go to market: name.

BIGDBM collects and aggregates data from multiple lawful, privacy-compliant sources, including:

*Publicly available information (e.g., public records, government filings, websites, social networks made public by users).
*Licensed third-party data providers.
*Business directories, professional listings, and corporate filings.
*Partners and clients who provide data under written agreements for permitted commercial uses.

BIGDBM does collect data directly from consumers for personal use purposes (e.g., through web forms or apps)..",bradley mack,CEO,11/14/2025
20250196,"Civis Analytics, Inc. ","200 W MONROE ST STE 2200 , CHICAGO , IL , 60606-5070 , United States",dataprotection@civisanalytics.com,www.civisanalytics.com,,3129850173,Laura  Belmont ,"As described in Civis Analytics, Inc.'s Privacy Policy, the categories of information that Civis may process and transfer are as follows:  
Contact information (or “identifiers”), such as your name, unique personal identifier, email address, mailing address or telephone number; Demographic information (including “protected classification characteristics”), such as date of birth, age, ancestry, national origin, sex / gender, marital or familial status, political affiliations or activities, veteran or military status or disability; “Sensitive” personal information (submit to your opt-in), such as racial or ethnic origin, citizenship or immigration status, sexual orientation, religious or philosophical beliefs or medical condition; Interest information and your preferences regarding people, places, concepts, products, events, etc.;  Educational and professional information; Commercial information, including purchasing or consuming histories or tendencies; Internet or other electronic network activity information, including browsing history, search history, and information regarding your interaction with the website or advertisements; and inferences, including predictions relating to you and/or your household, and predictions about your preferences, characteristics, behaviors, attitudes, intelligence, abilities, and aptitudes.",Yes,No,,,0,,"Additional information or explanation concerning the data broker's data collection practices.
Please see Civis's Privacy Policy at: www.civisanalytics.com/privacy-policy ",Laura Belmont ,General Counsel,7/10/2025
20250195,"HealthLink Dimensions, LLC","1001 SUMMIT BLVD STE 1125 , BROOKHAVEN , GA , 30319-6408 , United States",nlenyszyn@healthlinkdimensions.com,healthlinkdimensions.com,,4042503916,Nathan Lenyszyn,"HealthLink Dimensions processes and transfers specific categories of data that fall within the scope of “personal identifying information” under Section 509.001 of the Texas Business and Commerce Code. These data categories support HealthLink’s services in healthcare provider marketing, compliance, and engagement.

The data includes standard identifiers such as names, email addresses (both professional and personal), telephone numbers, and usernames. Professional and employment-related details are also processed, including job titles, licensure credentials (like DEA and NPI numbers), education history, specialty, and practice affiliations.

HealthLink collects internet and device-related data through user interactions with its, and its partners, websites and digital tools. This includes browser and device type, network activity, and digital identifiers like hashed emails, Mobile Ad IDs (MAIDs), and Connected TV (CTV) IDs. These identifiers are linked to healthcare providers at the NPI level to support accurate, privacy-safe targeting across digital campaigns.

Behavioral data sourced from claims, such as prescribing patterns and diagnostic activity, further supports audience segmentation based on real-world clinical behavior. Additionally, commercial information, such as records of licensed data or service access, may be collected and processed.

All data is collected and processed under lawful bases including legitimate interest, contractual necessity, and user consent where applicable. HealthLink enforces strict data protection measures to maintain privacy, data accuracy, and regulatory compliance across its operations.",Yes,No,,,0,,"HealthLink Dimensions takes privacy and data governance seriously. All data is collected through lawful and transparent means, with appropriate notice and consent where required. HealthLink conducts rigorous validation of data sources and limits processing to professional-use information related to licensed U.S. healthcare providers. Additionally, HealthLink completes an annual privacy audit with TrustArc to maintain its Enterprise Privacy Certification, ensuring alignment with industry best practices and regulatory standards.",Nathan Lenyszyn,"VP, Marketing",7/28/2025
20250194,Veeva Systems Inc. ,"4280 HACIENDA DR , PLEASANTON , CA , 94588-2719 , United States",privacy@veeva.com,veeva.com,https://www.veeva.com/privacy/,9254526500,Paul Mathis,"Upon visiting the company's websites, device and usage information is collected, including cookie records, browser type, IP address, and clickstream data. When individuals create an account, register, or subscribe, the company collects user-provided information like name, email, phone number, and job title. Account verification involves collecting the user's IP address, username, and password.

For company-sponsored events, registration details are collected. For paid events, transactional data like credit card information is processed. During events, attendance and engagement are recorded, possibly including photos and videos. For in-person events, travel and lodging details may be collected to facilitate arrangements. User content from public forums is also collected.

Professional contact information is collected for representatives of the company's customers and suppliers. This includes the representative's name, email, phone number, professional ID number (e.g., NPI), and employer details.

The company's data products contain personal information on the professional identity of healthcare providers and industry stakeholders. This includes professional contact details, data on professional activities (specialties, publications, clinical trials), professional social media information, and public images or recordings. Inferences regarding professional interests and preferences may be generated from this data.

The company's healthcare marketing and analytic products involve the collection of personal information from consumers within the United States. This includes demographic data (e.g., name, email, age, address), device and usage information, and various consumer attributes such as buying activity, media consumption, and hobbies. This information is utilized to infer consumer interests and preferences.",Yes,No,,,0,,,Paul C. Mathis,"Counsel, Privacy & AdTech",9/25/2025
20250193,"Reveal Mobile, Inc.","5540 CENTERVIEW DR STE 200 PMB 229 , RALEIGH , NC , 27606-3386 , United States",smarcantonio@revealmobile.com,www.revealmobile.com,,9195739703,Sandra Marcantonio,"Collect and anonymize location data from opted-in mobile devices.
Reveal does not knowingly collect any Personal Information from anyone under the age of 16.",Yes,No,,,0,,"Reveal Mobile's full privacy policy can be found here:
https://revealmobile.com/privacy/",Sandra Marcantonio,Controller,8/6/2025
20250192,Black Pearl Group Limited,"Level 5
50 Customhouse Quay
Wellington 6011",legal@blackpearl.com,https://blackpearl.com,https://www.blackpearl.com/your-privacy-choices,6421585892,Richard Doone,"- Personal identifiers
- Demographic information
- Geolocation data excluding GPS data
- Employment related information
- Educational information",Yes,No,,,0,,,Richard Doone,VP Security & Privacy,9/22/2025
20250190,"Freewheel Media, Inc.","1407 BROADWAY, 12TH FLOOR , NEW YORK , NY , 10018-5100 , United States",legalnotices@freewheel.tv,www.freewheel.com,,8889306228,Jessica Luther,"Identifiers: We provide unique personal identifiers, online identifiers, internet protocol address, or other similar identifiers to our media buyers.

Internet or other Electronic Network Activity Information: We provide information regarding your interaction with an internet website, application, or advertisement with our affiliates, media buyers, data analytics providers, and audience measurement companies.",No,No,,,0,,"We provide comprehensive ad platforms for publishers, advertisers, and media buyers. Our technology helps companies that publish content online (through apps, websites and streaming services, including connected TV and “over the top” providers, publishers and publisher content) permit advertising to be displayed to their end users. We are also providers of a software platforms, customers of which are publishers wishing to sell their ad space, and media buyers (advertisers or their intermediaries wanting to buy or bid for the right to have their ads shown in that publisher’s ad space).
 
More information about our privacy practices is available at freewheel.com/privacy-policy and beeswax.com/privacy.",Jessica Luther,"Director, Business Operations",8/29/2025
20250189,"Crunchbase, Inc.","564 MARKET ST STE 500 , SAN FRANCISCO , CA , 94104-5402 , United States",legal@crunchbase.com,https://www.crunchbase.com/,,4158492049,Jonathan Franz,"Crunchbase collects personal data including: personal identifiers (including in connection with building profiles such as name, email address, address, phone number, IP address, username/password, social media profile IDs/links, personal website URL); customer records identified by state law; classification characteristics (optional - when added to a profile by a user may include characteristics such as their gender, race, ethnicity, sexual orientation); internet or other similar network activity information; geolocation data (approximate location derived from IP address, location data (city, country, state); professional or employment-related information; account access credentials; and Personal Data a user chooses to enter into a free text field within Crunchbase's products and services.",No,No,,,0,,"To exercise your rights with respect to your personal information on Crunchbase's platform, please email privacy@crunchbase.com or submit a request using our Privacy Request Form: https://preferences.crunchbase.com/",Jonathan Franz,Head of Legal,8/12/2025
20250188,"Demandbase, Inc.","222 2ND ST FL 24 , SAN FRANCISCO , CA , 94105-3106 , United States",privacy@demandbase.com,www.demandbase.com,,4156832660,Daniel Izquierdo,"Demandbase is a business-to-business (B2B) company and only processes personal information that is used in a business/professional context. That personal information includes professional/business contact details including mobile phone numbers and personal and professional email addresses, company information, employment history and salary information, and demographic information. Demandbase also collects information about devices or browsers which includes IP addresses, device identifiers, non-precise geographic location, and usage information such as authentication and analytics. Demandbase processes the following “sensitive data” - information identifying an individual’s online activities over time accessing multiple Internet websites or online services. That sensitive data is processed in a B2B context.",Yes,No,,,0,,"Demandbase is a B2B company and only processes personal information that is used in a
business/professional context.",Daniel Izquierdo,Senior Privacy Program Manager,8/28/2025
20250187,Civic Element LLC,"2153 Wealthy St. SE Ste 125 , Grand Rapids , MI , 49506 , United States",ops@civicelement.com,https://www.civicelement.com,https://www.civicelement.com/privacy-policy,8884176553,Barbara Smith,"
Personal and online identifiers (such as first and last name, email address, demographic information, mailing or physical address, voter registration status, voting history, statistical and market area information, area selection data, lifestyle and wealth data, political contribution information, census data, and other voter-related information, or unique online identifiers);
Characteristics of legally protected classifications (such as gender or age);
Commercial or transactions information (such as records of personal and real property or products or services purchased, obtained, or considered);
Internet or other electronic network activity information (such as browsing history, search history, interactions with a website, email, application, or advertisement);
Geolocation information (such as mailing and physical address but excluding precise geolocation data);
Professional or employment-related information;
Education information;
Inferences drawn from the above information about predicted characteristics and preferences; and
Other information that is linked to the personal information above.",Yes,No,,,0,,https://www.civicelement.com/privacy-policy,Barbara Smith,Officer,10/14/2025
20250186,"RampedUp, LLC.","1551 DUNWOODY VILLAGE PKWY , ATLANTA , GA , 30338-4120 , United States",contact@rampedup.io,rampedup.io,https://rampedup.io/privacy-policy-1,8882783433,Matthew Miller,Personal Data,No,No,,,0,,We collect publicly available information about companies and their employees.,M. Scott Miller,CEO,10/14/2025
20250185,VentiveIQ LLC,"103 CARNEGIE CTR , PRINCETON , NJ , 08501 , United States",privay@ventiveiq.com,https://vetiveiq.com,https://ventiveiq.com/privacy-policy/,8552029240,Dharmesh Patel,"Depending on whether an individual is our client or a member of the public without a direct relationship, we may disclose the following categories of information for purposes that could be considered a sale under applicable law:

Identifiers, Interests, and Demographics: This includes information related to who you are (identifiers), your preferences (interests), and demographic details.
Inferenced Data: We may share data inferred from your behavior, such as whether you’re likely to make specific purchases in the near future or details about your demographics (e.g., estimated age or income range).

To opt out of this type of sale, please visit this link and follow the instructions provided.

https://privacyportal.privacypillar.com/dsar/form?orgid=0c31c814-ea86-461f-8ccb-294f05bc74c3&propid=cc95835d-7719-4336-b0c4-18146e5d000a&formid=4348f332-6917-4566-8c56-6fc9eb57097f&status=publish",Yes,No,,,0,,"Please review out outward facing privacy policy. 

https://ventiveiq.com/privacy-policy/",Dharemsh Patel,CEO,9/29/2025
20250184,VANGUARD AI LLC,"6715 RUTLEDGE CT , GARLAND , TX , 75044-75044 , United States",dee@vanguardai.net,https://electhq.net/,https://electhq.net/privacy.html,2693524362,Diep  Hoang,"The company processes and transfers personal data collected in the course of providing software and technology services to political campaign candidates. Categories of data include:
Voter Registration Data (From Official Sources)
o Name
o AddressDate of Birth
o Voter Unique Identifier (VUID)
o Voting History
o Demographics
o Phone Numbers
o Email Addresses
o Social Media Handles
o Party Affiliation/Support
o Issue Preferences
o Candidate Support
o Engagement Level
o Precise Geolocation
o General Location
o Facial Images
o Voice Recordings
o Donation",Yes,No,,,0,,None.,Diep Hoang,Manager,9/10/2025
20250183,"AutoWeb, Inc.","1820 BONANZA ST , WALNUT CREEK , CA , 94596-8490 , United States",autolegal@autoweb.com,www.autoweb.com,,9258623036,Kaitlyn McLain,"AutoWeb collects the following categories of data: Personal Identifiers such as: Full name (including Aliases), Postal/Street address, Email address, Mobile and Landline Phone numbers; Commercial Information such as: Vehicle information (e.g., new or used vehicle; vehicle make, and model purchased), product interest, purchase history, product financing information, and financial information such as payment amounts related to a lease or loan and cost of services rendered; Internet or Other Similar Network Activity such as: Cookie data, browsing history, search history, IP address, device and browser information on a consumer's interaction with a website, application, or advertisement Geolocation Data (which may include Precise Geolocation Data; Precise Geolocation Data is geolocation data that is derived from a device, and that is used or intended to be used to locate a Consumer within a geographic area that is equal to or less than the area of a circle with a radius of 1,850 feet, except as prescribed by regulations; Precise Geolocation Data constitutes Sensitive Personal Information under applicable law); Online Behavioral Information such as: Automatically Collected Personal Information generates “online behavioral information,” which is the collection of data online from a particular computer or device regarding Web viewing behaviors over time, and across non-affiliated Web sites, for the purpose of using such data to predict visitor preferences or interests. Online behavioral information includes browsing history, search history, and information regarding a consumer’s interaction with an Internet Web site, application, or advertisement; Inferences Drawn from Other Personal Information such as: Profile reflecting a person's preferences, characteristics, psychological trends, predispositions, behavior, attitudes, intelligence, abilities, and aptitudes.",Yes,No,,,0,,,Tatevik Davtyan,"SVP, Legal & Compliance",8/29/2025
20250182,"Lookify, LLC","3571 FAR WEST BLVD , AUSTIN , TX , 78731-3064 , United States",support@lookify.io,lookify.io,https://lookify.io/privacy-policy,5165193689,Joseph Scarim,"Lookify is a reverse phone number lookup and contact data enrichment service that allows uses to search for information about a phone number. 

Contact details (name, email address, phone number, website, inferred gender, and address), employment details (employer, job title, and department), associated people (relatives, co-workers), social media information (social media or professional profile link), and biographical information (work or education history).

We do not sell any data collected from our users as part of using our applications or website.",No,No,,,0,,"Please visit our website for additional information regarding our data collection practices and information regarding your rights to Opt-Out of Sale or Sharing:

https://lookify.io/privacy-policy",Joseph Scarim,Manager,10/13/2025
20250181,"J2 Global Canada, Inc.","2 Gurdwara Rd, 3rd Floor
Nepean, ON K2E 1A2",privacy@ziffdavis.com,https://www.ziffdavis.com/,https://dsar.ziffdavis.com/?_gl=1*vbahct*_ga*MTY5MzE1NDI2NC4xNjc2Njc4Njc5*_ga_QJ3CGN3VDN*czE3NjA0Njk2NTYkbzUkZzEkdDE3NjA0Njk2ODEkajM1JGwwJGgw,2125033500,Jeremy  Rossen,"name, email address, physical address, phone number, demographics, proprietary digital IDs, hashed email addresses, mobile ad IDs, IP address, mobile metadata, social affinity interests.",Yes,No,,,0,,,Robert Taylor ,Assistant Secretary,10/14/2025
20250180,J2 Martech Corp,"360 Park Ave South, Floor 17 , New York , TX , 10011 , United States",legal@ziffdavis.com,https://www.fullcontact.com/,https://platform.fullcontact.com/your-privacy-choices,2125033500,Shabnam Hofer,"name, email address, physical address, demographics, phone number, proprietary digital IDs, hashed email address, mobile ad IDs, IP address, mobile metadata, social affinity interests.",Yes,No,,,0,,,Robert Taylor,Assistant Secretary,10/14/2025
20250179,"Summit Resources, LLC d/b/a Client Command","2100 WESTSHORE DR , CUMMING , GA , 30041-9277 , United States",legal@clientcommand.com,www.clientcommand.com,https://privacyportal-cdn.onetrust.com/dsarwebform/555c3377-7eb2-4e7a-bf30-c408de4ab483/70df6685-8289-4d72-a9d7-9a736b3b837f.html,8887866489,Brian Schumaker,"Identifiers;
Vehicle Information;
Commercial information;
Internet or other network activity information; and
Inferences drawn from other personal information.",Yes,No,,,0,,"Exclusive of employee data which is never sold, the business solely collects standard personal information, and no sensitive data is sold/licensed. Business does receive some data that could fall under the definition of precise geolocation data from certain data sources, but this data is not sold/licensed or offered for sale/licensing to purchasers.",Mackenzie Duelge,"Vice President, Legal",10/2/2025
20250178,"MadHive, Inc","225 BROADWAY , NEW YORK , NY , 10007-3001 , United States",privacy@madhive.com,https://www.madhive.com/,https://www.madhive.com/user-rights,6467274054,Nicholas Kunzig,"When you visit our Website, we will collect information that you directly provide us. This information may include:

your first and last name
email address
phone number
resume (e.g., from job applicants)

We also automatically collect information when you visit our Website. This information may include:

IP address
mobile device ID
browser type and language
access times
pages visited
referring website addresses

In Connection with the Platform and Services We Provide: We collect information about consumers, devices, and ads in connection with the Services we provide to customers. This information includes:

IP addresses
device IDs (e.g. mobile device IDs, CTV device IDs)
user agent strings
interest information stored and/or used on the Platform by partners and Customers
information regarding a user’s interaction with a Customer’s digital properties

",Yes,No,,,0,,,Nicholas Kunzig,Data Privacy Compliance Manager,10/20/2025
20250177,Cybba Inc,"374 CONGRESS ST , BOSTON , MA , 02210-1807 , United States",privacy@cybba.com,https://cybba.com,,8572847000,Kenneth Destremps,"""Personal data"" meaning information, including sensitive data, that is linked or reasonably linkable to an identified or identifiable individual. This includes pseudonymous data that is used by a controller or processor in conjunction with additional information that reasonably links the information to an identified or identifiable individual. ",Yes,No,,,0,,,Kenneth Destremps,"Associate Director, Product Operations",8/28/2025
20250176,Realeflow LLC,"150 PEARL RD , BRUNSWICK , OH , 44212-1116 , United States",jsingleton@realeflow.com,www.realeflow.com,https://cdn.realeflow.com/privacy-policy.pdf,4404470563,Joe Singleton,"The company aggregates and processes property and ownership information obtained from public records (such as county assessor, recorder, and deed data) and from licensed commercial data providers.

Contact elements (name, mailing address, phone, and email) are sourced only from authorized vendors that compile data from lawful, public, or opt-in sources.

The data is used to provide analytics and marketing insights to enterprise and institutional clients. No sensitive personal data (such as financial account numbers, medical information, or Social Security numbers) is collected or sold.",Yes,No,,,0,,"All data processed by the company is obtained from lawful, publicly available sources or licensed commercial providers operating under applicable privacy and data-broker regulations. No sensitive or non-public consumer financial, medical, or children’s data is collected or sold.",Joe Singleton,President,10/16/2025
20250175,Live Data Technologies Inc.,"15 W FIGUEROA ST , SANTA BARBARA , CA , 93101-3130 , United States",accounting@livedatatechnologies.com,https://www.livedatatechnologies.com/,https://www.livedatatechnologies.com/opting,8055003293,Ryan O'Leary,Categories of data processed available on this page: https://www.livedatatechnologies.com/legals,Yes,No,,,0,,,Renzo Grieve,Director of Finance,10/17/2025
20250174,"Innovative Database Solutions, Inc.","9800 MOUNT PYRAMID CT STE 400 , ENGLEWOOD , CO , 80112-2669 , United States",compliance@idatabasesolutions.com,www.idatabasesolutions.com,,3038343412,Justin Hamilton,"Consumer Data
New Mover Data
New Homeowner Data
Apartment Data",No,No,,,0,,"We do not compile or collect data.  We are a data broker who orders from a compiler and then delivers the data to our clients, who are direct mail agencies.  We do not store or maintain data.",Justin Hamilton,President,8/5/2025
20250173,The Data Group,"3208 E COLONIAL DR PMB 118 , ORLANDO , FL , 32803-5127 , United States",compliance@thedatagroup.com,thedatagroup.com,https://thedatagroup.com/privacy/,8002625609,Justin henson,Mailing Lists & Data Appends - Demographics and updating customer records with Phones/Emails.  We don't compile any actual data and instead broker data based on the data sources that best fit our clients needs.,Yes,No,,,0,,We don't collect or maintain any data other than the brief time we are securely processing a clients file.,Justin Henson,Owner,5/13/2026
20250172,"Matchbook Data, LLC","150 Granby Street , Norfolk , Virginia , 23510 , United States",privacy@matchbookdata.com,https://www.matchbookdata.com/,https://www.matchbookdata.com/your-privacy-choices/,7622280583,"Michael  Kercher, Esq.","A. Information We Collect from Data Aggregators
We collect information that may include IP Addresses, Advertising IDs, location information (described more fully below), and other information
B. Information We Collect from Site Visitors
Visitors to our Site, including information Visitors choose to provide to us on contact forms or through our support email addresses such as support@matchbookdata.com.  also collect information through passive, automated means such as cookies and web pixels. This is further described as follows: Information Visitors Choose to Share: We may collect your full name, physical address, telephone number, and email address if you provide it to us. For example, you may choose to give us this information to register for an event, to learn more about our Services, or to set up an account with our platform. Our platform users may give us additional information, such as employer or payment information. Other Information Provided for Corporate Purposes: We sometimes receive and retain other information from companies and individuals, for corporate purposes, such as from individuals who may wish to do business wish us, or who may send us their resume, or from persons who work with us in the context of a business or prospective business relationship. Information about Browsers or Devices: We may collect information about your computer (e.g. desktop or laptop), Device, tablet, or other internet-connected devices used to access the Site. This information may include technical details about your computer or Device (such as the Device type, operating system, system settings and configurations, IP Address, Advertising ID and mobile network carrier information) and information about how you use the Site (including details about the parts of the Site you access, traffic to and from other websites, timestamps, web log data, and other event information, including crashes and system activity). Cookies:  Web beacons or “pixels” 
",Yes,No,,,0,N/A,https://www.matchbookdata.com/privacy-policy/,Ashley Politowski,Director,9/10/2025
20250171,"Outlogic, LLC","150 Granby Street , Norfolk , Virginia , 23510 , United States",privacy@outlogic.io,https://outlogic.io/,https://outlogic.io/opt-out-form/,8663469602,"Michael Kercher, Esq.","a.	Precise Location Information:
o	Specific geolocation of the Device, usually described by latitude-longitude coordinates compiled through GPS features of our SDK, WiFi connection information, cell tower triangulation and other methods.
o	Dwell time within or in proximity to points of interest (i.e. the length of time your device stayed at one place).
b.	Relative Location Information:
o	Bluetooth Low-Energy (BLE) sensors, or beacons,
o	Information obtained from the Internet of Things (IoT) devices.
o	Near-field Communication (NFC)
o	Our SDK is capable of receiving signals from each of the above technologies that indicate the proximity of a Device. For example, certain brick-and-mortar stores use beacons that sense when a Bluetooth-enabled Device is in proximity to the beacon (i.e., when a Device user enters the store). Retail locations, sports arenas, restaurants, museums and other similar businesses may also use beacons.
c.	Advertising IDs or Installation IDs
d.	Timestamps (that may include time and date)
e.	Device Event Information:
o	App or system crashes
o	System crashes
o	Device settings
f.	Device Usage Information
o	Type of device (e.g., Samsung Galaxy S21)
o	Operating system (OS) information (e.g., iOS 14.5)
o	System settings (e.g., enabled/disabled status for Location Services)
o	Time zone
o	Mobile carrier
o	IP address
o	Names and/or identifiers for Apps on your Device integrated with SDK
g.	Network Information
o	VPN status
o	Network protocols employed
o	Device connectivity information (e.g., how a device connects to a network) and signal strength
o	Network information such as mobile network code and mobile country code
",Yes,No,,,0,N/A,https://outlogic.io/privacy-policy/,Ashley Politowski,Director,9/24/2025
20250170,GrayHair Software LLC,"1 SE OCEAN BLVD , STUART , FL , 34994-2214 , United States",privacy@grayhairsoftware.com,https://grayhairsoftware.com/,,8567279372,Harrison Zalman,"To provide our Services, we collect information from various companies and sources that collect and supply consumer data, including public sources, our clients, and our third-party marketing partners. From these sources, we may collect, for example, name, telephone number, and address information.",Yes,No,,,0,,https://grayhairsoftware.com/privacy-policy/,Harrison Zalman,Director of Security & Compliance,8/7/2025
20250169,"33Across, Inc.","228 Park Avenue South PMB 74008 , New York , New York , 10003 , United States",privacy@33across.com,www.33across.com,,18882974094,Matthew Kiefer,"With respect to 33Across' advertising technology services and in relation to its data broker status, 33Across processes pseudonymous data such as:

Unique cookie and device identifiers
Mobile device advertising identifiers
IP addresses
Browser and device information
Web browsing history
Information about end-user engagement with ads
Information about end-user behavior on digital properties",No,No,,,0,,Additional information: https://www.33across.com/privacy-policy/,Matthew Kiefer,Senior Product Manager,7/23/2025
20250168,Buyerlink Inc.,"1820 BONANZA ST , WALNUT CREEK , CA , 94596-8490 , United States",legal@buyerlink.com,www.buyerlink.co,,9498623036,Kaitlyn  McLain,"Buyerlink collects the following categories of data: Personal Identifiers such as: Full name (including Aliases), Postal/Street address, Email address, Mobile and Landline Phone numbers; Commercial Information such as: Vehicle information (e.g., new or used vehicle; vehicle make, and model purchased), product interest, purchase history, product financing information, and financial information such as payment amounts related to a lease or loan and cost of services rendered; Internet or Other Similar Network Activity such as: Cookie data, browsing history, search history, IP address, device and browser information on a consumer's interaction with a website, application, or advertisement Geolocation Data (which may include Precise Geolocation Data; Precise Geolocation Data is geolocation data that is derived from a device, and that is used or intended to be used to locate a Consumer within a geographic area that is equal to or less than the area of a circle with a radius of 1,850 feet, except as prescribed by regulations; Precise Geolocation Data constitutes Sensitive Personal Information under applicable law); Online Behavioral Information such as: Automatically Collected Personal Information generates “online behavioral information,” which is the collection of data online from a particular computer or device regarding Web viewing behaviors over time, and across non-affiliated Web sites, for the purpose of using such data to predict visitor preferences or interests. Online behavioral information includes browsing history, search history, and information regarding a consumer’s interaction with an Internet Web site, application, or advertisement; Inferences Drawn from Other Personal Information such as: Profile reflecting a person's preferences, characteristics, psychological trends, predispositions, behavior, attitudes, intelligence, abilities, and aptitudes.",Yes,No,,,0,,,Tatevik Davtyan,"SVP, Legal & Compliance",8/29/2025
20250167,Explorium Inc. ,"850 Main St. , Redwood city , California , 94063 , United States",oshrat@explorium.ai,www.explorium.ai,https://www.explorium.ai/do-not-sell-my-personal-info/,4454563349,Omer Har,"Explorium is an external data platform providing data services to businesses about businesses. The Explorium platform and services assist marketing and sales teams with tailored go-to market data, allow predictive prospecting, lead scoring, supply chain analysis and enrichment of customer's databases. As such, we may process any of the following categories of data about business and professionals.  

* Identifiers and other  information such as name, signature, address, unique personal identifier, online identifier, IP address, email address, telephone number. 
* Commercial information, including records products, or services purchased, obtained, or considered, or other purchasing or consuming histories or tendencies.
* Internet or other similar network activity and technical information related to use of mobile device or computer.
* Professional or employment-related information, such as employment history, skills certifications, or job titles.
* Inferences drawn from other personal information, such as preferences, characteristics, behavior, and aptitudes in capacity of business activities. ",No,No,,,0,,"our privacy policy is available here-  https://www.explorium.ai/platform-privacy-policy/
 Explorium's activities as data broker are only applicable to the data it obtains from external sources to those of its customers. Explorium does not share any data about its customers or data uploaded by the customers to Explorium's platform with any third party other than to provide the services to the customer. ",Omer Har,CEO,9/10/2025
20250166,"Guidestar Direct, Corp","10 Hughes Suite A201 , Irvine , California , 92618 , United States",privacy@carneydirect.com,www.carneydirect.com,https://www.carneydirect.com/privacy-policy/,9495815100,Peter Carney,postal data ,Yes,No,,,0,,https://www.carneydirect.com/privacy-policy/,Peter Carney,President ,9/2/2025
20250165,Klarifi ApS,"Rådhuspladsen 16
1550 Copenhagen V
Denmark",soren@klarifi.io,www.klarifi.io,https://klarifi.io/privacy-center,4136000056,Soren Schou,"Name, work phone number, work email, personal LinkedIn URL, employer, job title - all related to the data subjects' employment at wastewater facilities.",Yes,No,,,0,,"Klarifi.io is a wastewater data platform with data of 100,000+ US wastewater facilities. The personal data that we process is related to contact details for selected employees at these facilities.",Soren Schou,CEO,4/30/2026
20250164,GETEMAILS LLC,"1401 Lavaca St, Unit 298 , AUSTIN , Texas , 78701 , United States",compliance@retention.com,www.retention.com,https://www.retention.com/article-update-privacy-policy,5128256028,Keleigh Spinner,"Personal identifiers:
Name
Alias
Postal address
Email address
Phone number
IP address
Device identifiers

Demographic information:
Age
Gender
Marital status
Income range
Education level

Commercial information:
Purchase history
Products/services considered
Consumer preferences

Internet or electronic activity:
Browsing history
Search history
Website/app interactions
Ad engagement data

Professional or employment information:
Employer
Job title
Work history

Inferences or profiles:
Behavioral profiles
Interests
Predictive analytics scores",No,No,,,0,,,Keleigh Spinner,COO,5/7/2026
20250163,"PostPilot, Inc.","215 Northeast Drive , Spartanburg , South Carolina , 29303 , United States",operations@postpilot.com,www.postpilot.com,https://www.postpilot.com/privacy-policy,9897510901,Libby Weber,"Consumer personal data, specifically:  Name, email address, mailing address, role at Customer, access permissions, support requests, and online network and usage information including but not limited to IP address, device type and device ID, mouse clicks, and pages visited.",Yes,No,,,0,,,Libby Weber,Director of Operations,9/3/2025
20250162,Infillion Inc.,"853 BROADWAY , NEW YORK , NY , 10003-4703 , United States",privacy@infillion.com,www.infillion.co,,18444419869,Keith Petersen,"Infillion processes and/or transfers the following categories of data: Identifiers / Contact Data, Demographic Data, Geolocation Data, Internet and Other Network Activity Data, Device Data & Identifiers, Inferences drawn from other personal information and sensitive personal information.

As more fully described here: https://infillion.com/legal/privacy-policy/",Yes,No,,,0,,,Keith Petersen,Chief Legal Officer,7/8/2025
20250161,Audience Mix LLC,"2232 DELL RANGE BLVD STE 245 , CHEYENNE , WY , 82009-4979 , United States",privacy@audiencemix.net,audiencemix.net,,9175107742,Thomas Mitchel,"AudienceMix does not collect data ourselves, but we do buy data from other data brokers to assemble audience segments for advertisers to target.  We do not touch or accept sensitive location data, personally identifiable information, or any other restricted or non consented data.   The types of data we work with are consented location data (not sensitive location), purchase data, behavioral, intent and demographic data from mobile Ad IDs.   We offer an opt out if any consumer would like to remove their IDs from our inventory. ",Yes,No,,,0,,"AudienceMix is a new company that has not begun to sell data yet.  We do not collect data ourselves, but we purchase data from other registered data brokers and require that they only pass us what is fully consented and complaint with all privacy laws.  ",Thomas Mitchel,Founder,7/28/2025
20250160,"RESONATE NETWORKS, INC."," 11700 Plaza America Dr #1000 , Reston , Virginia , 20190 , United States",privacy@resonate.com,www.resonate.com,https://www.resonate.com/privacy-policy/,5712663200,Tom Craig,"Resonate processes Personal Data linked to pseudonymous identifiers such as cookies, hashed emails, and universal identifiers (RampID, UID 2.0). Data categories include online survey responses collected through a double opt-in process and licensed online behavioral and offline data. Certain survey questions address topics considered sensitive under applicable privacy laws, specifically race, ethnicity, and health conditions. Resonate does not collect, process, or store financial account numbers, payment card data, government-issued identifiers, or Social Security numbers. Sensitive data handling is therefore limited to self-reported health-related survey responses.",Yes,No,,,0,,"To provide context on Resonate's data collection practices, it may be helpful to understand our offering at a high level.
Resonate maintains approximately 230 million pseudonymized consumer profiles used for audience insight development and media targeting. These profiles are built from online surveys that collect responses on topics such as personal values, motivations, brand affinity, and media interests. Respondents opt in at both the survey panel provider level and again at the start of the Resonate-specific survey (double opt-in).
Survey responses are then used as training data to model and infer attributes across the broader US population. For example, if 5,000 survey respondents identify as customers of a particular brand, Resonate models the characteristics of that group and projects those attributes to statistically similar consumers nationwide. The resulting profiles are inferred, not directly collected at the individual level.
Resonate's customers use our platform to develop audience insights - for example, understanding the brand preferences or media habits of a given consumer segment - and to activate those audiences through digital media campaigns. Resonate profiles are linked only to pseudonymous identifiers and are not associated with directly identifying information such as name or address within our systems.",Tom Craig,CTO,4/6/2026
20250159,"RelPro, Inc.","51 JFK Parkway, First Floor West , Short Hills , New Jersey , 07078 , United States",info@relpro.com,https://www.relpro.com/,,8885617890,Raaj Rajmangal,"Individual Name, email address, phone number, job title and department, company name, postal address of company and business-related postal address of the person, employment history, and education history.",Yes,No,,,0,,,Maria Matkou,Authorized Representative,8/6/2025
20250158,Datonics LLC,"37-18 Northern Blvd, Suite 404 , new york , New York , 11101 , United States",apinhasi@datonics.com,https://www.datonics.com/,,972546310060,Adi  Pinhasi,"Personal information including demographic (e.g. state, gender, age), lifestage (e.g. students, grand parents), B2B (e.g. own / works at small business, works at industry X), Online Behavioal (browsed a sports / news site)",Yes,No,,,0,,Please see our privacy policy at https://www.datonics.com/privacy/technology-privacy-policy,Adi Pinhasi,CTO,8/12/2025
20250157,"Direct Marketing Solutions, Inc.","8534 NE Alderwood Road , Portland , Oregon , 97220 , United States",DataAnalytics@teamdms.com,www.teamdms.com,,5032811400,John West,"DMS will handle both FCRA and NonFCRA data. Data processing will vary from simple PII (Full name, full address) to full analytical files with hundreds of attributes. These attributes will vary from personal demographics/behaviors to credit behaviors/scores. ",No,No,,,0,,"DMS is a SOC 2, Type II certified company working with all credit bureaus. DMS has made data security our highest priority. Our CISO manages an integral data security process that is governed by a risk committee. The backbone of our risk infrastructure is a cyber maturation process that ensures DMS is up to date on changing business risks, new and ongoing cyber threats, as well as new detection and response capabilities. 

Data integrity is an extremely important part of our production process. When data is posted to the SFTP and the Account Manager is notified, a ticket is entered to download the data onto our secure Citrix network. The data is housed at a Tier 3 Data Center that has 24/7 security monitoring. ",John West,"Senior Director, Marketing & Strategy",8/5/2025
20250156,Audience Acuity LLC,"10845 Griffith Peak Dr., Suite 200 , Las Vegas , Nevada , 89135 , United States",chris.alewine@audienceacuity.com,https://audienceacuity.com/,https://audienceacuity.com/privacy/,4102801431,Chris Alewine,"We have these categories of data:
Identifiers, e.g., name; postal address, online identifiers, telephone numbers, mobile ad identifiers, email address, or similar encrypted identifiers such as hashed email address  

Public records information E.g., records of personal property products and deceased records for suppression

Consumer survey information which is self-reported information",Yes,No,,,0,,,Chris Alewine,Chief Data Officer,5/4/2026
20250155,Lead411 Corporation,"4655 7th Street , Boulder , Colorado , 80304 , United States",tom@lead411.io,lead411.com,,5055002317,Thomas Blue,"Lead411 provides b2b data which includes a person's name, title, company, email, phone, linkedin social profile, general locality(metro - not physical address), university, degree, current company, skills, and patents. In addition, we provide company data which includes company name, industry, company address, company phone, and company size. ",Yes,No,,,0,,,Thomas Blue,CEO,7/25/2025
20250154,Disco Technology Inc,"2261 MARKET ST, STE 4742 , SAN FRANCISCO , CA , 94114-1612 , United States",people@disconetwork.com,https://www.disconetwork.com/,https://disconetwork.com/privacy-policy,6149051661,Claudia Esber,"Disco primarily processes information as a service provider to merchants, and that much of the data collection and processing is governed by the agreements with those merchants, as stated in the “Merchant Customers” section of the Privacy Policy. 
Disco primarily uses Personal information to improve services, provide analytics tools, and enable merchants to offer relevant products to consumers. This data includes the shopper's email, preferred title, first and last name, phone number, gender, date of birth, and age, in addition to the shopper's shipping and billing address. 
Disco maintains and uses de-identified information in a de-identified fashion and does not attempt to re-identify the information, as stated in the Privacy Policy.
Disco regularly reviews and updates its privacy practices to maintain compliance with evolving regulations.
Merchants using Disco’s platform bear primary responsibility for their privacy and security practices related to their consumer data
",Yes,No,,,0,,"According to our privacy policy (https://www.disconetwork.com/privacy-policy), consumers can opt out of having their web browsing information used for behavioral advertising purposes. Also, our privacy policy specifically mentions California residents can request to opt out of any future “sale” and/or “sharing” of their personal information.
",Claudia Esber,"Director, People Operations",5/19/2026
20250153,"Buxton Company, LLC","2651 S POLARIS DR , FORT WORTH , TX , 76137-4804 , United States",cholbert@buxtonco.com,buxtonco.com,https://www.buxtonco.com/privacy,8173323681,Chris Holbert,"Identifiers, internet and network activity information, geolocation data, inferences, commercial information, professional or employment related information and education information.",No,No,,,0,,,Chris Holbert,Corporate Attorney,4/16/2026
20250152,Coffee.ai Inc.,"7720 NE HIGHWAY 99, D1012 , VANCOUVER , WA , 98665-8858 , United States",dsandoval@coffee.ai,www.coffee.ai,,3609966060,Denise Sandoval,"The Coffee platform connects to the users Google workspace and Zoom video conferencing. Information collected includes, contacts, external meeting information (including attendees), video recordings, transcripts, and email communications. Contacts are enriched from outside data providers to include titles, emails and company information. This data collected can be transferred connected CRMS if applicable.",No,No,,,0,,,Denise Sandoval,VP of Finance and Operations,7/10/2025
20250150,"Swarm Holdings, Inc.","308 6TH ST , MONTARA , CA , 94037 , United States",privacy@theswarm.com,https://www.theswarm.com/,https://www.theswarm.com/privacy,4153669903,David Connors,"Names of individuals, internet activity, email addresses, contact information, address book information, login credentials",No,No,,,0,,,Zane Witherspoon,Authorized Registrant,4/21/2026
20250149,"Brooks Integrated Marketing, LLC","3333 RENAISSANCE BLVD STE 224 , BONITA SPRINGS , FL , 34134-7008 , United States",privacy@brooksim.com,https://www.brooksim.com/,https://www.brooksim.com/privacy-form,8005312601,Brooks Hall,"Geolocation data, names of individuals, names of family members, addresses of individuals, addresses of family members, DoB, individual's mother's maiden name, SSN, Drivers License Number, Passport Number, financial account number, Information revealing an individual's racial or ethnic origin, color, religious beliefs, or union membership, Information identifying an individual's online activities, information that alone or in combination with other information that is sold or licensed, can reasonably be associated with an individual",No,No,,,0,,,Superset Labs PBC,Authorized Registrant,4/9/2026
20250148,Bachmanity Inc.,"12165 WOODS BAY PL , CARMEL , IN , 46033-9527 , United States",privacy@aviato.co,https://aviato.co/,https://www.aviato.co/legal/privacy,3178695671,Micah Johnson,"Geolocation, names of individuals, names of family members, DoB, financial information, information revealing union membership, information revealing ethnicity, information that alone or in combination with other information that is sold or licensed, can reasonably be associated with an individual",No,No,,,0,,,Zane Witherspoon,Authorized Registrant,4/21/2026
20250147,"Command Precision, Inc.","240 DEVONSHIRE ST , BOSTON , MA , 02110-2155 , United States",privacy@persistent.id,https://persistent.id,https://www.trustsuperset.com/dsrs?orgId=7b774bc1-608f-8c4c-bb90-453b1540f48b,6465350201,Peter Damato,"Individual name
Location
Professional Employment History
Education
Email Address
Phone Numbers
Social Media Profile Links",No,No,,,0,,,Superset Labs PBC,Authorized Registrant,4/8/2026
20250146,"InfoPay, Inc","227 Lewis Wharf , Boston , Massachusetts , 02110 , United States",compliance@infopay.com,https://www.infopay.com/,https://www.infopay.com/privacy,8003099351,Jessica Gupta,"The categories of data processed and transferred include individual identifiers, payment and transaction information, communications and preferences, additional information provided by users, information automatically collected, and information received from third parties.
Individual identifiers such as names, email addresses, physical billing addresses, phone numbers, business names, and demographic details like age or date of birth are collected to operate and enhance the services, maintain user accounts, provide requested information and services, manage third-party relationships, and ensure compliance with legal requirements. Payment and transaction information, including credit card numbers, names, CVV codes, and expiration dates, is processed to facilitate purchases, maintain accounts, and fulfill any purposes disclosed at the time of data collection.
Communications with us, including messages, feedback, user preferences, and other information shared directly with the company, are used to operate and improve the services, personalize user experiences, respond to inquiries, and for marketing purposes, including sending promotional materials. Any additional information provided by users is utilized similarly to improve services and for any disclosed purposes at the time of collection.
Information automatically collected from users includes IP addresses, usage dates and times, device types, geographic data, browsing activities, and device identifiers. This data helps operate, maintain, and improve the services, understand user behavior, perform business analyses, and enhance security. Finally, information received from third parties, such as publicly available records matching user searches, is used to operate and improve the services and content on the platform.
Each category of data is collected and processed for specific operational, analytical, marketing, and compliance purposes, with transparency at the time of collection or based on user consent. ",Yes,No,,,0,,"InfoPay offers clear privacy choices, allowing users to exercise their rights regarding the processing of personal information under applicable laws. Users can opt out of having their information displayed on the website by submitting a removal request through a simple online form or by contacting privacy@infpay.com. For those covered under the Daniel Anderl Judicial Security and Privacy Act or relevant laws, InfoPay provides a specific process for requesting the removal of personal information via the same email. Additionally, users have the right to know if their data is being processed, request corrections or deletions, opt out of the sale of their information, and appeal any denied requests. InfoPay ensures these requests, submitted to privacy@infpay.com, are handled efficiently and without discrimination.",Jessica Gupta,COO,4/21/2026
20250145,"VisitorID, LLC","305 N. Main Unit #155 , TAYLOR , TX , 76574-3642 , United States",privacyofficer@visitorid.com,visitorid.com,,8184443006,Jason Rudolph,"We collect and manage data on behalf of advertising and publishing partners for interest targeting and lead quality management. We may receive: name, address, city, state, zip, email, IP address, device ID, general geolocation, and publicly available information.

",No,No,,,0,,All data practices can be found in our privacy policy - https://visitorid.com/legal,Jason Rudolph,Manager,7/9/2025
20250144,"upcell, LLC.","6 LIBERTY SQ PMB 455 , Walpole , MA , 02081 , United States",policy@upcell.io,https://www.upcell.io/,https://www.upcell.io/data-claim,8555257940,Mark Bedard,"- Personal email
- Professional email
- Personal or professional telephone number, and postal address
- IP address
- A cookie or device identifier, which uniquely identifies your browser or device
- Usage data related to your email interactions, such as whether you receive, open or respond to an email, and related information, as well as whether an email is or recently has been in use
- Usage data related to your website interactions, such as whether you visit or log in to a website, page visits and related information
- Information and actions associated with consumer interactions, such as success rates of consumer outreach (whether by phone, email or other channels), and in turn which consumers (or types of consumers) may be interested in which types of products
- Demographic information, such as inferenced income or age range, household size, or home ownership, and personal information such as jobs held or educational institutions attended.
- Information regarding consumer interests, such as what type of products you may be interested in, or what types of hobbies you might have, such as whether you are a likely pet owner or a frequent traveler. ",Yes,No,,,0,,,Mark Bedard,CEO,4/10/2026
20250143,MarketOps LLC,"401 RYLAND ST STE 200A , RENO , NV , 89502-1672 , United States",privacy@marketops.com,https://www.marketops.com,,8662512412,Rory Sutherland,"Identifiers
 - First Name
 - Last Name
 - Email Address
 - Phone Number
 - IP Address
 - Device Identifier

Commercial and Transactional Data
 - Purchase History

Internet or Other Electronic Network Activity
 - Browsing History
 - Cookie Data and Analytics",Yes,No,,,0,,"The MarketOps system adheres to strict data minimization and privacy protection protocols in accordance with current regulatory requirements. We process only anonymized consumer interactions that are specifically relevant to each client's business operations, following established data privacy frameworks. The platform aggregates anonymized browsing signals into statistical trends, maintaining user privacy while providing market insights. All data collection and processing follows privacy-by-design principles, including data minimization, purpose limitation, and strict anonymization protocols. Our privacy-centric architecture ensures regulatory compliance while enabling clients to access aggregated market intelligence. The system employs multiple technical safeguards to maintain user anonymity throughout data processing and analysis workflows, with no ability to re-identify individual users. We maintain comprehensive documentation of our privacy protection measures and regularly review our processes to ensure alignment with evolving privacy regulations and industry standards.",Rory Sutherland,CPO,7/5/2025
20250142,Speedeon Data LLC,"5875 Landerbrook Dr. Suite 130 , Cleveland , Ohio , 44124 , United States",accounting@speedeondata.com,https://speedeondata.com/,https://speedeondata.com/privacy-policy/,4402642100,John Lavelle,"Business Data: Includes data about U.S. businesses, their locations and firmographics.
Consumer Data:  Attributes including consumer name, address, email address, and other contact data. 
Demographic and Statistical Data: Attributes such as marital status, sex, interests.
Modeled Demographic Data: Attributes drawn or created from demographic data reflecting a consumer's potential  preferences, characteristics, predispositions, and interests.
Sensitive Data: potential religious affiliation, ethnicity, health data.",Yes,No,,,0,,,John Lavelle,Controller,3/9/2026
20250141,"Yobi Ventures, Inc. ","136 E 76TH ST APT 4B , NEW YORK , NY , 10021-2830 , United States",privacy@yobi.ai,www.yobi.ai,,9136264257,Kelly  Peterson ,"Processed: Personal Identifiers, retail purchase information, commercial information, internet activity data, inferences drawn from personal data, device information, demographic information ",No,No,,,0,,,Kelly Peterson ,Chief Privacy and Compliance Officer,7/9/2025
20250140,"Carry Technologies, Inc","2261 Market St #5225 , SF , California , 94114 , United States",legal@hightouch.com,hightouch.com,hightouch.com/privacy-policy,3392261809,Cherry Miao,"We may obtain personal information from third-party providers of information used to target, optimize or measure advertising campaigns. This information includes email addresses, phone numbers, device identifiers, and cookie identifiers, along with information about consumer interests, demographics, and behaviors. We only work with trusted partners who commit to comply with applicable data protection laws. We match this data with consumer data we obtain from our customers and make it available to a specific customer to help improve its advertising initiatives.",Yes,No,,,0,,,Katherine Mannion,Sr Counsel,2/16/2026
20250139,"Giant Partners, Inc.","1461 Lawrence Dr. , Thousand Oaks , California , 91320 , United States",nikki@giantpartners.com,www.giantpartners.com,,8052671575,Sheldon Katz,"a. Personally Identifiable Information (“PII”), which includes your first and last name, home or other physical address, telephone number, email address, user id, other identifiers that permit physical or online contact with you, or any information about you collected online and maintained in personally identifiable form in combination with any of the preceding categories.  You also may view or engage with our Sites and its Services through third-party social networking Sites or social media plug-ins and applications. When you engage with the Sites and its content through such third-party Sites, plug-ins or applications, we may have access to certain information from your social media profile, such as your name, photo, gender, birthday, location, videos, your list of friends, etc. This information is included in the definition of PII.

b. Non-personally identifiable information (“non-PII”) such as, the type of browser you are using, the type of operating system you are using, the web pages you have visited sites visited before and after you visit the Sites, the type of handheld or mobile device used to access the Sites or other device-specific information.",Yes,No,,,0,,None,Sheldon Katz,COO,7/23/2025
20250138,Monevo Inc,"555 W ADAMS ST , CHICAGO , IL , 60661-3719 , United States",Privacy@transunion.com,www.transunion.com,https://www.transunion.com/consumer-privacy,8663108783,David Healy,"Categories of personal data which may be collected: Identifiers (name, address, phone number, email); Sensitive Data (government identifiers, Social Security numbers, age/date of birth, racial or ethnic origin, religious or philosophical beliefs, marital status, political affiliation, language, gender); Commercial Data; Inferences drawn from other Personal Data; Internet or other similar electronic network activity (cookies, preferences, IP address); Biometric Data Sensory Data; Device Data; Geolocation Data; Employment-Related Data; Education Data",Yes,No,,,0,,"Monevo may sell/share categories of Personal Data (except government identifiers, biometric, education, sensory, and precise geolocation data) to third parties, e.g., customers, in connection with the delivery of our services.

To opt out of receiving marketing messages, visit: 
- https://www.dmachoice.org/
- https://thenai.org/how-to-opt-out/
- https://optout.aboutads.info

Monevo also offers opt-out and data privacy rights consistent with comprehensive privacy laws in applicable states; more information is available at https://www.transunion.com/privacy.",David Healy,US Privacy Operations,5/13/2026
20250137,LiveIntent,"3 PARK AVENUE , NEW YORK , NY , 10016 , United States",bhayes@zetaglobal.com,www.liveintent.com,https://privacy.liveintent.com/,2023687202,Benjamin Hayes,"Hashed email address, IP address, cookie (and associated online content consumption data), user agent, and time stamp",Yes,No,,,0,,LiveIntent's primary business is to help commercial senders of newsletters generate revenue by putting ads into emails as they are opened by recipients.  LiveIntent operates essentially as a supply-side platform by enabling the placement of programmatic online ads in its client's emails.  LiveIntent also has an ancillary business providing linkages between hashed email addresses and other online identifiers to third parties as part of an enterprise data licensing business.,Benjamin Hayes,Chief Privacy Officer,4/23/2026
20250135,"BDO GCI, LLC","225 W. Randolph Street, Suite 2200 , Chicago , IL , 60606 , United States",privacy@bdo-gci.com, https://www.bdo.com/do-not-sell-my-personal-information,https://www.bdo.com/do-not-sell-my-personal-information,6165758785,Patrick Ansah,"BDO GCI is retained by its clients to research and provide personal information about subjects in the form of reports as part of investment, transactional, and other due diligence. As part of these services, BDO GCI may process various categories of information about the subject, including the subject’s employment and educational history, media reports concerning the subject, court records and other public records, social media activity, and information that BDO GCI may collect or receive in the course of its research into the individual.",Yes,Yes,"BDO GCI does not perform its research services on minors under 13, though it may sometimes collect information about an individual’s children in the course of researching that individual (e.g., if such information is available in news articles or other public sources about the individual). Any such information would be subject to rights, practices and other disclosures in our privacy policy.","We do not knowingly collect any Personal Information from children under 13 without prior verifiable parental consent. If BDO GCI learns that a child under the age of 13 has submitted Personal Information without parental consent, we will take all reasonable measures to delete the information as soon as possible and to not use such information for any purpose, except where necessary to protect the safety of the child or others as required or allowed by law. ",0,,"BDO GCI is an affiliate of BDO USA, P.C. BDO USA, P.C. does not sell any personal information obtained in the course of providing Tax, Audit & Assurance, and other Advisory services to its clients. With respect to the question on our “purchaser credentialing process,” we understand that you are referring to BDO GCI’s process for intaking new clients and requirements around data usage by clients. BDO GCI has a client intake process, which includes template contractual terms designed to limit the use of BDO GCI reports to lawful purposes.
For additional information on BDO GCI’s privacy practices, please see our Privacy Policy, available at: https://www.bdo.com/privacy-policy.  ",Patrick Ansah ,Managing Director,3/25/2026
20250134,"Clay Labs, LLC","111 W 19TH ST FL 5 , NEW YORK , NY , 10011-4166 , United States",privacy@clay.com,clay.com,https://privacy.clay.com/policies?name=privacy-policy,3477629282,Varun Anand,"Professional contact details such as name, phone number, job, title, and email address.",Yes,No,,,0,,,Zane Witherspoon,Authorized Registrant,4/21/2026
20250133,Catalina Marketing Corporation,"200 Carillion Parkway , Saint Petersburg , Florida , 33716 , United States",privacyteam@catalina.com,www.catalina.com,,7275795000,Ariana Voigt,"Personal Identifiers - We may collect personal identifiers (such as name or frequent shopper ID/Loyalty ID.) We may also collect address, telephone number(s), and email address(es).
Commercial Information - We receive commercial information such as products or services purchased, obtained, or considered, to include consuming histories or tendencies. Specific elements may include purchase date, copies of receipts, purchase locations, and information about coupon use.
Demographic Information - such as age and gender to provide and improve our services and for marketing purposes.
Non-precise geolocation data - such as location derived from IP addresses. We use this information to provide and improve our services and for marketing purposes.
Inferences - We draw inferences from the personal information we collect, and these inferences are used for the same purposes as for which the information was collected. These are based upon commercial information shopper profiles about a consumer’s preferences, characteristics, psychological trends, predispositions, behaviors, and attitudes. We do not make such inferences with regards to consumer health conditions, philosophical or religious beliefs, race, or sexual orientation or gender identity.
Internet/Electronic Network Activity Information – We may collect IP Address, Internet and Electronic Network Activity Information, including but not limited to, browser, browsing history, search history, and information regarding a consumer’s interaction with an Internet Web site, application, or advertisement.
Professional or Employment-related Information - Current or past job history or performance evaluation is collected on current and past employees as well as job applications.
Sensitive Personal Data Geolocation - We receive geolocation, such as Zip Level Data, from our clients to connect with customers in close physical proximity to their business, exponentially increasing the effectiveness of a marketing campaign.",Yes,No,,,0,,"For more information on data collecting practices, please see our Privacy Notice for Texas Residents at www.catalina.com/legal#privacy-notice or email us at privacyteam@catalina.com.",Ariana Voigt,Chief Privacy Officer,6/23/2025
20250132,West Publishing Corporation,"2900 Ames Crossing , Eagan , Minnesota , 55121 , United States",privacy.enquiries@thomsonreuters.com,https://www.thomsonreuters.com,https://www.thomsonreuters.com/en/trust-center/data-privacy-information,6516877000,Steven Fox,"Personal data: Identifiers (name, address, phone number, email); Sensitive Data (government identifiers, Social Security numbers, age/date of birth, gender); Commercial Data; Internet or other similar electronic network activity (cookies, preferences, IP address); Professional or Employment-Related Data.",Yes,No,,,0,,https://www.thomsonreuters.com/en/privacy-statement.html,Steven Fox,"Director, Product Management",5/4/2026
20250131,Cognism Inc.,"33 Arch Street , Boston , Massachusetts , 02110 , United States",legal@cognism.com,cognism.com,https://cognism.privacy.saymine.io/cognism,442038580822,Sev Monnot,"The categories of personal data processed include: name, employer, business email address, business address, contact number, job title, LinkedIn url.",No,No,,,0,,,Daniel Vogel,Chief Finance Officer,5/6/2026
20250130,"TrueData Solutions, Inc.","1 E Erie St, Suite 525-4083 , Chicago , Illinois , 60611 , United States",privacy@truedata.co,www.truedata.co,https://info-prod.truedata.co/access-delete-request,4154899252,Abbey Martin,"IP ADDRESS; EMAIL ADDRESS; NAME (FIRST AND LAST); PHONE NUMBER; COOKIES; COOKIE IDS; AND OTHER SIMILAR ONLINE IDS; MOBILE ADVERTISING ID; UID2.0; CTV IDS (IFA, IFA_TYPE); DETERMINISTIC SHARED IDENTIFIERS; HOME IP; DEVICE CHARACTERISTICS; APP INSTALL DATA; SITE VISITATION DATA; TIMESTAMP; PRIVACY SIGNALS; AMBIENT SIGNALS; SSID/WIFI; ACCELEROMETER; PURCHASE & TRANSACTION DATA; LANGUAGE; EDUCATION; EMPLOYMENT AND EMPLOYMENT-RELATED INFORMATION; INDUSTRY; HOMEOWNER; HOUSEHOLD INCOME AND SIZE; MARITAL STATUS; PRESENCE AND NUMBER OF CHILDREN; PRECISE LOCATION (Processed exclusively in the capacity of a Service Provider); TIME ZONE; AGE; COUNTRY CODE; ADDRESS; AND INFERENCES DRAWN TO CREATE A PROFILE ABOUT A CONSUMER; GENDER; NON-PRECISE LOCATION",Yes,No,,,0,,"We collect information from public and private sources, including aggregated data sources, and from our corporate providers. The categories of data we may collect include identifiers, demographic information, geolocation information, commercial information, device and site usage data, cross-device linking data, and inferences derived from these data. In the prior 12 months (including December 2025 and earlier), we processed sensitive personal information such as ethnicity and precise geolocation. As of March 2026, we do not currently process sensitive personal information other than limited, transient conduit processing of precise location data in the capacity as a Service Provider/Processor for a legacy workflow; we do not store precise location in our databases and are sunsetting this workflow.",Abbey Martin,Legal Counsel,3/12/2026
20250129,360 Media Direct,"653 W FALLBROOK AVE STE 101 , FRESNO , CA , 93711-5503 , United States",privacy@360mediadirect.com,360mediadirect.com,https://360mediadirect.com/privacy-policy/,8002583350,Christopher Jones,"Magazine subscriber data
First Name
Last Name
Mailing Address
City
State
Zip Code
Email Address",No,No,,,0,,,Christopher Jones,CIO,3/23/2026
20250128,eContext.ai Limited,"116 W HUBBARD ST , CHICAGO , IL , 60654-8542 , United States",akatavic@complementics.com,complementics.com,https://www.complementics.com/opt-out,8722152068,Ante Katavic,Precise geolocation data,Yes,No,,,0,,,Ante Katavic,Chief Technology Officer,1/23/2026
20250127,"ZipStorm, Inc.","1100 12th Avenue NE, Suite 150 , Bellevue , Washington , 98004 , United States",privacy@seekout.com,seekout.com,,2064871983,Samuel Shaddox,"SeekOut is an online talent search and talent optimization solution that allows customers to (i) discover and engage with internal and external candidates; and (ii) analyze attributes of existing personnel for internal talent purposes, including through the compilation and maintenance of the SeekOut Candidate Database. We collect the following categories of data in the provision of our Services for the purposes set forth in our Privacy Notice:

Data You or Our Customers Provide To Us:
- Name
- Email address
- Job title
- Phone number
- account password
-search terms (including keywords and filter values)
-any personal information contained in customer support requests

Data We Automatically Collect From Your Device:
- Cookies
- Device information
- IP Address
- Approximate location derived from IP address
- Browser Data
- Usage information

Data in the SeekOut Candidate Database:
SeekOut maintains the SeekOut Candidate Database, which is primarily comprised of publicly available vocational information about a job candidate’s employment history, qualifications, and education.  The categories of personal data processed may include a job candidate's name, contact information, education, professional qualifications, work history, work title, and experience. The personal data processed  may also include the following categories of inferred characteristics: likelihood to change jobs, gender, race, ethnicity, and country of origin.

Data from SeekOut Job Applicants:
The personal information we collect may include job applicant's name, email address, phone number, home address, employment history, education, qualifications, and any other information provided in their application materials.

We do not knowingly collect any personal information directly from children under the age of 16.",Yes,No,,,0,,"ZipStorm, Inc. (dba SeekOut) enables all consumers, including TX residents, to opt out from the SeekOut Candidate Database. Consumers may complete their opt out request online by using our Privacy Choices Portal available at www.seekout.com/privacy/choices. Additional information regarding our data collection practices may be found in our Privacy Policy located at https://www.seekout.com/privacy.



",Sam Shaddox,General Counsel,6/20/2025
20250126,"Converge Marketing, LLC","25 W 39TH ST FL 6 , NEW YORK , NY , 10018-5657 , United States",privacy@convergemarketing.com,www.convergemarketing.com,,2122130111,Gene Tom,"Converge Marketing, LLC collects and processes various categories of personal data as part of its lead generation and advertising and marketing services, including information such as names, addresses, and email addresses which are provided by internet users via form fills. We also collect and process online identifiers and other information that does not directly identify individuals such as device IDs and cookie IDs, web browsing information, device information, IP addresses, non-precise geolocation, and inferences drawn from other data. ",Yes,No,,,0,,,Gene Tom,Associate Controller,7/1/2025
20250122,DealerDirect LLC,"4 PARKLANE BLVD STE 140 , DEARBORN , MI , 48126-4252 , United States",fdcomply@forddirect.com,www.forddirect.com,https://forddirect.privacy.saymine.io/forddirect,8448897397,Muddasar Tawakkul,"Name; email and physical address; telephone number; demographic information; device information, including imprecise geolocation; vehicle data; financial data for credit applications; social media; records of personal property, products or services purchased, obtained, or considered or other purchasing or consuming histories or tendencies; browsing history, search history, information on a consumer's interaction with a website, application or advertisement; profile reflecting a person's preferences, characteristics, predispositions, behavior, or attitudes.",No,No,,,0,,FordDirect's data collection practices are described in its consumer-facing Privacy Statement found at:  www.forddirectprivacy.com,Robin Chesterfield,Privacy Manager,5/11/2026
20250121,Knower Tech USA LLC,"225 W 34TH ST , NEW YORK , NY , 10122-0049 , United States",stephanie.mccabe@knowertech.com,https://knowertech.com/,,17802350934,Stephanie McCabe,"The data processed and transferred is the device unique mobile advertising identifier (MAID), the unique MAID type (IDFA-iOS, AAID-Android), the latitude of the event, the longitude of the event, the GPS horizontal accuracy of the event (reported in meters via device OS), the date and time of the event, the IP address at the time of the event observation, the operating system of the device (iOS or Android) and the country the event took place in. Additional data may include OS versions, geohash, anonymized publisher ID or anonymized app ID.",Yes,No,,,0,,,Stephanie McCabe,President,6/25/2025
20250120,"Equation Consulting, LLC","7950 LEGACY DR , PLANO , TX , 75024-0235 , United States",equation@finthrive.com,www.finthrive.com,https://finthrive.com/texas-data-broker-disclosure-equation-consulting?hs_preview=jhDXCUDm-205479481866,8558283147,Jen DeYoung,"Equation Consulting is a reseller CRA under FCRA and we obtain data from a third-party CRA. This data is then provided to healthcare entities who have a permissible purpose to access such data, in compliance with FCRA. We collect address, phone and email information to notify patients of appointment reminders as well as reach out for care coordination, prescription reminders and transportation for medical appointments.  We do not collect or distribute information on minors.",Yes,No,,,0,,,Jen DeYoung,"VP, Compliance & Audit",1/28/2026
20250118,"Steppingblocks, Inc.","3423 Piedmont Road NE STE R17 , Atlanta , Georgia , 30305 , United States",privacy@steppingblocks.com,www.steppingblocks.com,https://www.steppingblocks.com/privacy-ccpa,4044823420,Rob Gannaway,"Steppingblocks processes publicly available information related to education and workforce outcomes. 

Employment and career information – job titles, employers, industries, career progression, and employment history.
Educational background – schools attended, degrees earned, fields of study, and graduation years.
Professional outcomes – salary ranges, job placement rates, and career trajectories following educational programs.
Geographic information – current and past locations associated with employment or education.",Yes,No,,,0,,N/A,Rob Gannaway,CEO,5/5/2026
20250117,StackAdapt Inc.,"200 Bay Street - South Tower, Unit # 2103, PO Box #94 Toronto, Ontario M5J 2J1",privacy@stackadapt.com,stackadapt.com,https://www.stackadapt.com/legal-document-centre/platform-and-services-privacy-policy,6509993764101,Vitaly Pecherskiy,"We collect and process the following pieces of personal information related to users, households, devices, and ads for use and processing within our Platform:

Advertising identifiers (e.g., mobile advertising identifiers)
Cookie identifiers
Device identifiers
IP addresses
User agent
Referral page URL and title
Geolocation information (e.g., latitude/longitude at varying levels of specificity)
Pseudonymous identifiers we receive or derive internally (e.g., RampID; household or consumer level identifiers)
Email address
Demographic data that may be associated with one of the above identifiers

The above-described personal information collected and processed can be categorically described as follows:

Online identifiers
Offline identifiers
Geolocation data
Pseudonymous identifiers
Audience data

The following categories of personal information we’ve sold or shared in the last 12 months:
Pseudonymous identifiers (internally or externally derived)
Online identifiers
Geolocation data
Audience data
",Yes,No,,,0,,Please see our Privacy Policy for more information: https://www.stackadapt.com/legal-document-centre/platform-and-services-privacy-policy,Gail Spielberger,Senior Privacy Analyst,2/19/2026
20250115,"Digital Media Solutions, LLC","4800 140TH AVE N , CLEARWATER , FL , 33762-3874 , United States",legal@dmsgroup.com,digitalmediasolutions.com,,8772368632,Tony Saldana,"Personal Data, Publicly available information, Employee Data",No,No,,,0,,We obtain basic consumer identifiers through our owned and operated web forms and purchase data from third parties for marketing purposes. This is in conjunction with our Privacy Policy. ,Kat Giardina,Sr. Compliance Director,7/3/2025
20250114,"Elevar, LLC","2651 S Polaris Drive , Fort Worth , TX , 76 , United States",privacy@getelevar.com,getelevar.com,https://getelevar.com/consumer-personal-information-requests/,8173323681,Chris Holbert,"Employee data
Individual
Personal data
Sensitive Information - information identifying an individual's online activities over time accessing multiple Internet websites or online services",No,No,,,0,,,Chris Holbert,Corporate Attorney,4/16/2026
20250113,Media Resource Group LLC,"2430 VANDERBILT BEACH RD STE 108-558 , NAPLES , FL , 34109-2654 , United States",tom@mrginc.com,www.mrginc.com,https://mrgstaging.com/policy/mrgprivacy.html,9146495649,Thomas Marianacci,"We may collect, maintain, and access certain information you provide, information collected from your use of the website, completion of information request forms, and/or otherwise provided to us. User information may include information that can be associated with you personally (“Personal Information”). User information may include: first and last name, home addresses, email address, business address, company name, telephone number, your payment card information. We will collect Personal Information about you when you voluntarily provide it to us. When you use web site features that ask you for certain information, asking toregister for an account, log in to the web site, or purchase advertising on the web site, you provide Personal Information. We also collect records and copies of your correspondence.  

We may transfer this information by using ActiveProspect’s TrustedForm Certify Web SDK to independently document users’ consent to be contacted. The TrustedForm Certify Web SDK is embedded on our website and collects the following information when you interact with the page(s) where the script is present: page URL, mouse movements and clicks, contact information inputted by the user, a snapshot of the page, including IP address of the user’s computer, time on the page, date and time that the TrustedForm Certify Web SDK was loaded, as well as the date and time of the various user interactions with the page, and HTTP headers from the user’s browser. Data may be transferred to third party partners through their lead conduit product.  You can navigate through the web site without giving us Personal Information, but certain activities are only available to our users who log in. We may also collect Personal Information if we survey users about various topics. Responding to any such survey is entirely voluntary. We may also collect user information in the following ways:  Cookies, Clear Gifs, Passive Automatic Electronic Collection.",Yes,No,,,0,,"When data is collected a consumer has the choice to call and advise if they self report data it is electronically recorded using a third party software Trusted Forms from Active Prospect.

Data collection service is Active Prospect For more information about ActiveProspect’s data use and collection policies and practices, please review the ActiveProspect Privacy Policy, located at https://activeprospect.com/privacy-policy/. 

Media Resource Groups privacy Policy about data collection and use is located at https://mrgstaging.com/policy/mrgprivacy.html
",Thomas Marianacci,Managing Partner,2/13/2026
20250111,"Adept ID, Inc.","184 HIGH ST , BOSTON , MA , 02110-3001 , United States",privacy@adept-id.com,www.adept-id.com,https://www.adept-id.com/opt-out-preferences/,7819154660,Kat Sievers,"AdeptID brokers the following categories of data in connection with its offering of its People Search:

name, address, e-mail address, role, company name, company type, telephone number, date of birth or age, general geographic location, job title and description, job history and experience, industry, education history, social media handles (including Github or similar platforms), social media profile summaries, job summaries, education summaries, sex, interests, skills, professional certifications, languages spoken and proficiency, inferred salary and years of experience, and profiles we generate based on the foregoing categories of information",Yes,No,,,0,,N/A,Kat Sievers,DPO,4/13/2026
20250109,Leadpsace Inc,"530 LYTTON AVE , PALO ALTO , CA , 94301-1556 , United States",compliance_privacy@leadspace.com,www.leadspace.com,https://www.leadspace.com/do-not-sell-form,18555323772,Itai Levanon,"Categories of Data Processed and Transferred by Leadspace
1. Personal Identification Data:
  Full Names
  Email addresses
  Phone numbers
2. Demographic Data:
  Occupation
  Education level
3. Professional Data:
  Job titles and skills
  Company names
 Work addresses
  Professional email addresses
  Industry sectors
4. Interaction Data:
  Engagement history with marketing campaigns
  Responses to surveys and forms
5. Device and Network Data:
  IP addresses
  Browser types and versions
6. Social Media Data:
  Publicly available social media profiles
  Social media interactions and preferences

Data Sources: Leadspace sources data from a variety of channels including public records, social media platforms, third-party data providers, direct surveys, and customer interactions.

Data Processing Activities: Data is processed for purposes such as data analysis, profiling, marketing, and customer segmentation. These activities help our clients better understand and engage with their target audiences.

Data Transfers: Leadspace transfers data to clients for providing services, marketing, and customer relationship management purposes. Additionally, data may be shared with third-party service providers who assist in data processing activities under strict confidentiality agreements.",No,No,,,0,,As described in ANNEX 2 of our DPA available at: https://www.leadspace.com/leadspace-data-processing-addendum/,Itai Levanon,"GM Israel, Head of RnD",3/11/2026
20250108,Salutary Data LLC.,"29 Locust Avenue , Lexington , MA , 02421 , United States",info@salutarydata.com,https://salutarydata.com/,https://salutarydata.com/privacy-opt-out-and-disclosure-form/,6179174084,Scott Gordon,"U.S. B2B contact profiles similar in nature to business card information including light company firmographics and publicly available background information like education, interests, and skills.",Yes,No,,,0,,Salutary Data aggregates its U.S. business contacts from established B2B suppliers and under formal license agreements where they warrant they have the right to license to our their data and it is compiled in accordance with the law.  We pass on these principles in our formal contracts with our customers.,Scott Gordon,CEO,12/10/2025
20250107,"BH MARKETING GROUP, LLC","3639 HARBOR BLVD , VENTURA , CA , 93001-4200 , United States",PRIVACY@usmarketinggrp.com,https://usmarketinggrp.com/,https://usmarketinggrp.com/privacy-policy/,8185747772,Arash Boudaghi,"Personal data, Employee data, Biometric data, Commercial information, Internet or other similar network activity.",Yes,No,,,0,,,Arash Boudaghi,CEO,12/3/2025
20250106,Data Partners Inc.,"12857 Banyan Creek Dr , Fort Myers , FL , 33908 , United States",cpc@datapartners.com,www.datapartners.com,https://datapartners.com/donotsellmyinformation/,2392678762,Scott Martin,"Personal Identifiers (such as actual names, physical, postal, and email addresses, landline and/or wireless telephone numbers, IP addresses); Personal Characteristics (such as age, gender, ethnicity, income, marital status); Property or Buying/Interest Activity (such as homeownership, boat owner, or “interest in golf”); Employment Information (such as category of profession, professional licensure); Education Information (such as level of education completed, college attendance, date of graduation); Inferences (profiles or models about a consumer reflecting the consumer’s preferences, characteristics, psychological tends, predispositions, behaviors, attitudes, intelligence, abilities and aptitudes)",Yes,No,,,0,,,Scott Martin,General Counsel,10/17/2025
20250105,"BRIGHT POLICY, LLC","222 MERCHANDISE MART PLZ, STE 910 , CHICAGO , IL , 60654-1103 , United States",privacy@quotefinders.com,www.quotefinders.com,https://www.quotefinders.com/privacy,8552167674,Sean Harper,"Personal data that is linked or reasonably linkable to an identified or identifiable individual including name, mailing address, city, state, ZIP code, telephone number, and email address.",Yes,No,,,0,,N/A,Sean Harper,CEO and Manager,4/7/2026
20250102,DealerX Partners LLC,"7901 4TH ST N STE 300 , ST PETERSBURG , FL , 33702-4399 , United States",privacy@dealerx.com,https://www.dealerx.com,,8444664440,Rory Sutherland,"Identifiers
 - First Name
 - Last Name
 - Email Address
 - Phone Number
 - IP Address
 - Device Identifier

Commercial and Transactional Data
 - Purchase History

Internet or Other Electronic Network Activity
 - Browsing History
 - Cookie Data and Analytics
",Yes,No,,,0,,"As a data processor, DealerX processes personal information only under the documented instructions of our Data Controllers and in accordance with our contractual obligations. Data Controllers maintain primary control and responsibility over the collection and use of personally identifiable information (""PII"") from their users, including providing necessary notices and obtaining required consents. Our Platform processing activities are separate from the technology or systems of Data Controllers or their partners. While Data Controllers may integrate our Platform with their systems, DealerX processes data solely as instructed by the Data Controller and in accordance with our Controller Processor Agreement. More information can be found at https://dealerx.com/platform-privacy-policy/",Rory Sutherland,Chief Privacy Officer,6/26/2025
20250100,"Digital Segment, LLC","1305 SUNNYSLOPE CT , AUBURN , AL , 36832-6832 , United States",bschorer@digitalsegment.com,www.digitalsegment.com,https://www.digitalsegment.com/about/opt-out/,9494007828,Brad Schorer,"We collect public record information on US based adult consumers and business.  This data includes postal addresses, emails, phone numbers, and certain demographic or firmagraphic information. ",Yes,No,,,0,,We have a full information security and business continuity program in place.,Brad Schorer,CEO,3/16/2026
20250099,"Faraday, Inc.","PO Box 17 , Waterbury Ctr. , Vermont , 05677 , United States",privacy@faraday.ai,https://faraday.ai/,https://faraday.ai/privacy-options,8024580441,Seamus Abshere,"The below categories of data are limited to adult age Americans
•	Identity and location data (i.e., name, address, lat/long of dwelling, some hashed emails, emails, and phone numbers)
•	Demographic information (e.g., age, gender, income, education, occupation, housing characteristics, family size) – most of this is modeled
•	Interests (e.g., hobbies and purchase behaviors)
•	Property information (e.g. age of home, square footage, etc.)",Yes,No,,,0,,Learn more about your privacy options here: https://faraday.ai/privacy-options. Faraday is not an original compiler. It licenses data from traditional data brokers to support our work for other companies. ,Robert F. Adler,CSO & Co-founder,4/13/2026
20250098,"iSpot.TV, Inc.","3180 139TH AVE SE , BELLEVUE , WA , 98005-4092 , United States",legal@ispot.tv,ispot.tv,https://www.ispot.tv/hub/agreements/privacy/,8553162377,Kristin Boraas,"Personal information including customer employee names, email addresses, phone numbers and IP addresses",Yes,No,,,0,,,Albina Gertsberg,Senior Corporate Counsel,5/6/2026
20250097,"Orgio, Inc.","222 Broadway , New York City , New York , 10038 , United States",privacy@theorg.com,https://theorg.com/,,6469606241,Jiawei Zhao,"We process professional data, regardless of where an individual is based, across all of our solutions. This usually includes information such as job title and details about their employing company. 
",Yes,No,,,0,,"Individuals may opt out by contacting the company at privacy@theorg.com or by submitting a request at: https://theorg.com/opt-out
",Jiawei Zhao,VP of Operations,6/11/2025
20250096,Claritas LLC,"8044 Montgomery Road, Suite 455 , Cincinnati , Ohio , 45236 , United States",privacyinfo@claritas.com,www.Claritas.com,,4753237739,Al Gadbut,Consumer contact information and Insights,Yes,No,,,0,,,Al Gadbut,Chief Privacy Officer,6/17/2025
20250094,"Cadent, LLC","1675 BROADWAY FL 22 , NEW YORK , NY , 10019-7840 , United States",cmarcos@cadent.tv,www.cadent.tv,,2127961960,Camille Marcos Napa,"We collect and use several types of information from you or from our data partners that help us (or our data partners) serve ads that are better tailored to your interests and to provide reporting and analytics services, such as inferring ads that performed better or worse based on user behavior. 
This information includes:
•	Device identifiers
•	E.g., mobile advertising IDs like iOS IDFA and Android AAID, IP address, OTT/CTV IDs, gaming console IDs, cookie IDs, or proprietary IDs.
•	ZIP +4 and ZIP +11 postal codes
•	Publicly available household postal codes; used to identify a household address, which devices and segments are associated to for “household-level” targeting.
•	Household identifiers
•	Pseudonymous IDs for ZIP+4/ZIP+11 above.
•	Household addresses
•	A master address list used for purposes such as address verification and appending ZIP11 and latitude/longitude.
•	Device metadata
•	E.g., device type, browser type, operating system type, and settings.
•	Geolocation Data
•	E.g., latitude/longitude coordinates or other precise or coarse geolocation information (e.g., based on IP address).
•	Segments/demographics and interests
•	A group of household IDs or device IDs that may share a common interest, trait, or preference, such as “auto intenders” or “guitar players”. These can be either our own segments or segments from data partners.
",No,No,,,0,,,Camille Marcos Napa,VP Legal,6/24/2025
20250093,"Service Platform, Inc.","156 2ND ST STE 505 , SAN FRANCISCO , CA , 94105-3724 , United States",support@rize.com,rize.com,,4158188869,Vincent Sun,"We process and transfer commercially available consumer and business data, including nationwide property ownership records, homeowner and occupant profiles, contact information (name, phone number, email, address), and behavioral data such as website visit and engagement signals. This data is used to support marketing, analytics, and sales intelligence use cases.",Yes,No,,,0,,"We source data from reputable commercial providers and public records. Data is used solely for business-to-business applications, such as lead generation, sales analytics, and marketing optimization. We do not knowingly collect or sell data relating to individuals under 13 years of age. All purchasers are subject to internal vetting, including intended-use review and contract execution. We do not enable data resale without written authorization.",Vincent Sun,CRO,6/25/2025
20250092,"Juicebox App, Inc.","77 Federal Street, Flr 2 , SAN FRANCISCO , CA , 94107-1809 , United States",angela@juicebox.ai,https://juicebox.ai/,https://juicebox.ai/privacy-center,4435389591,Angela Kou,"Juicebox processes and transfers professional contact information, including name, job title, employer, business email address, and business phone number. We also process professional profile data, such as work history, education, and skills. This data is transferred to our customers for use in talent sourcing, recruiting, and business contact purposes. Juicebox does not process or transfer sensitive personal data, consumer financial information, or data collected directly from individuals with a direct relationship to Juicebox.",Yes,No,,,0,,,Angela Kou,Chief of Staff,3/25/2026
20250091,"TripleLift, Inc."," 53 W. 23rd Street, 12th Floor , New York , NY , 10010 , United States",platformprivacy@triplelift.com,triplelift.com,https://triplelift.com/user-rights-policy-and-opt-out/,18007609122,Matthias Matthiesen,"1. Online Identifiers to distinguish devices, users, or households without directly identifying individuals. Includes:
Device Identifiers, cookie Identifiers, advertising identifiers, cryptographically obfuscated contact information, statistical identifiers, supply or demand partner-provided identifiers. TripleLift collects online identifiers when its technology is implemented on a supply or demand partner's digital service, or receives them from partners and vendors providing data products or services.

2. Content Consumption Data
Data such as page views, searches, videos watched, and link clicks. Collected or received from a supply or demand partner when a user interacts with their digital service.

3. Ad Consumption Data
Ad consumption data includes details about ads served, such as ad type, placement and user interactions. Collected or received when an ad is served on a supply partner’s digital service or when shared by demand partners.

4. Inferred Personal Aspects Data
Insights derived about user interests and demographics based on content consumption data

5. Ground-Truth Data
Consists of verified or observed information. Collected or received from demand partners, supply partners, third-party vendors.

6. Network and Connection Data 
Includes IP addresses and other technical details (e.g. operating system, device type) necessary for internet access. Collected or received when a user interacts with a supply or demand partner’s digital service.

7. Precise Location Data
TripleLift may receive GPS coordinates or similar location information indicating specific addresses or points of interest, depending on data shared by supply or demand partners. This data may have an accuracy of approx 500 meters or greater.

8. Consumer Privacy Preference Data
Collected when users set permissions on a supply or demand partner’s digital service, browser, or device settings. Includes consent choices and objections to data use.",Yes,No,,,0,,,Matthew Novick,Chief Financial Officer,2/13/2026
20250090,MediaWallah Inc,"100 Park Ave , New York , New York , 10017 , United States",privacy@mediawallah.com,www.mediawallah.com,,18559255241,Nancy Marzouk,"Identifiers: unique personal identifiers, online identifier, IP addresses, email addresses, name, postal address, phone number or other similar identifiers 

Internet or other electronic network activity information: Information regarding a consumer’s interaction with an internet web site, application, or advertisement 

",Yes,No,,,0,,,Nancy Marzouk,CEO,6/9/2025
20250089,Graze Social PBC,"2562 NE 48TH AVE , PORTLAND , OR , 97213-1924 , United States",devin@graze.social,www.graze.social,,5033192931,Devin Gaffney,"identifiers, commercial information, internet or similar activity, and inferences",No,No,,,0,,"Graze Social PBC primarily processes publicly available data that has been posted to Bluesky. Graze Social does not collect any personal data that was meant to remain private. Graze Social welcomes consumer requests to restrict its use or processing of personal data. Graze Social contractually obligates its users to comply with applicable laws, including privacy laws and the exercise of privacy rights by consumers. ",Devin Gaffney,President,6/10/2025
20250087,Helix Campaigns LLC,"1 LOGAN CIR NW #7 , WASHINGTON , DC , 20005-3757 , United States",info@helixcampaigns.com,helixcampaigns.com,helixcampaigns.com/privacy,4435846567,Ryan Aquilina,"Personal names, phone numbers, email addresses, and partial mailing addresses",Yes,No,,,0,,,Ryan Aquilina,Owner,5/6/2026
20250086,R.L. Polk & Co.,"26533 Evergreen, Ste. 1100 , Southfield , Missouri , 48076 , United States",privacy@spglobal.com,www.polk.com,https://privacyportal.onetrust.com/webform/5cb57702-8ef7-437e-a62b-408fe78cd310/93391c3d-d6c8-45b1-a169-39a0b7f9fb74,2124381000,Ross Parker,"The opt out applies only to our marketing database, not to any database relating to safety, regulatory or statutory matters.",Yes,No,"SNL Banker - as processor 
opt out form https://more.spglobal.com/DoNotSell",https://www.spglobal.com/en/privacy/privacy-policy-english#your-data-protection-rights,0,,"The opt out applies only to our marketing database, not to any database relating to safety, regulatory or statutory matters.",Ross Parker,"Global Head, Data Privacy, Protection, and Governance Compliance",1/28/2026
20250085,"Growing Libraries, LLC","8 THE GRN # 15998 , DOVER , DE , 19901-3618 , United States",ian@growinglibraries.com,www.growinglibraries.com,https://growinglibraries.com/privacy-policy,3025549967,Ian Downie,"Growing Libraries receives and handles data from various third parties. The categories of data that we process and transfer are:
 
•	Personal and online identifiers (such as first and last name, postal address, telephone number, email address, or unique online identifiers);
•	Characteristics of protected classifications under relevant law (examples: age, marital status, sex);
•	Commercial or transactions information (such as records of personal or real property or products or services purchased, obtained or considered, vehicle information);
•	Internet or other electronic network activity information (such as interactions with a website, email, application, or advertisement);
•	Professional or employment-related information; and
•	Inferences drawn from the above information about your predicted characteristics and preferences.",No,Yes,"Growing Libraries does not have individual records about children. Records about individual adults who are parents may include attributes about the adults' children as age and gender. This information is gathered from product warranties, web registrations, response cards, magazine subscriptions, and other third-party data. Growing Libraries allows customers to select for purchase data containing the information of households that have children of specific ages, but we do not output the date of birth of those children. At a household level, Growing Libraries  outputs the presence of a child in a ""bucketed"" age group {0-3, 4-7, 8-12 and 13-17}. A 'Y' indication in any of these fields indicates that there is at least one child in that household age group. ",Growing Libraries does not collect personal data directly from children and does not have individual records about children. Growing Libraries does not direct its services at children or market to children. Growing Libraries will process data deletion or opt-out requests received from or on behalf of children in compliance with applicable law. ,0,,"The information that we handle is mostly collected through relationships Growing Libraries possesses with other companies such as data suppliers, business partners, data services providers, agencies, and our clients. 
Growing Libraries may collect or store PI by using cookies, web beacons, and similar technologies. Individuals can unsubscribe from our corporate emails by accessing the ""opt out"" or ""unsubscribe"" link provided in the footer of each email sent. PI can be collected when individuals provide us information through our website, such as to request or download information, sign up for newsletter, event or service, or log in to a service or application we provide. Non-Personal Information may be collected when individuals visit our website. 
Please visit our privacy policy at https://growinglibraries.com/privacy-policy for additional information about data collecting practices. ",Ian Downie,CEO,1/30/2026
20250084,Azira LLC,"80 S LAKE AVE STE 719 , PASADENA , CA , 91101-2638 , United States",legal@azira.com,https://azira.com/,https://submit-irm.trustarc.com/services/validation/0a80503b-1d56-4d50-a898-4377a0227dab,6268897680,James Kuan,"Identifiers/biographical information: Name, email address, phone number, country, business contact information.

Internet and Electronic Network Activity Information: Browser type, version, language, operating system, referrer URL, IP address, web beacons, cookie identifiers.

Precise Geolocation Information: We collect your latitude and longitude data and other precise geolocation information. This allows our customers to present you with highly personalized and relevant ads. For example, an advertiser may use this data to deliver a coupon for a nearby coffee shop in real-time. Precise geolocation information is considered sensitive personal information under certain data protection laws.

Identifiers/Biographical information: Unique personal identifiers, including your mobile advertising identifier (MAID) from your device, your IP address, or other identifiers.

Internet and Electronic Network Activity Information: Your browser type, device type, time stamp, operating system and version, language preferences, the names of other mobile apps you use, and how you browse the app or website.

Protected Classifications under California or Federal Law: Your age and gende

Inferences drawn from the above data elements. For example, Azira may use publicly available data to determine that your ZIP Code (which counts as your personal information) is associated with farmland. We might then infer that you’re not a likely consumer of services popular among inner-city residents.


",Yes,No,,,0,,"The data collected through website is used for (i) responding to website visitors queries when the user contacts us.(ii) To provide more information on our products and services when user contacts us (iii) Send marketing emails.

The data collected through Internet and Electronic Network Activity Information is (i) To determine locality of user in order to set the right language for the user; (ii) Providing users with customized content and targeted offers; (ii) To provide a smooth experience while accessing our website; (iii) To analyze information about your interactions with our marketing communications, including whether you opened, forwarded, or clicked on a link in an email.

The purpose for which ""Precise geolocation information, identifiers/biographical information, internet and other electronic network activity information; protected classifications under California or federal law; inferences generated from the above categories of personal information"" is used are: Targeted advertising service; Staggered advertising; Cross-device advertising; Data intelligence services; Improving our services.",James Kuan,General Counsel,5/7/2026
20250083,"Nexxen, Inc.","340 Redwood Shores Pkwy, 3rd Floor , Redwood City , CA , 94065 , United States",compliance@nexxen.com,nexxen.com,https://nexxen.com/privacy-data-subject-rights-request/,7188874845,Nicholas DePaulo,"We are a global company offering an end-to-end technology advertising platform operating across three core capabilities, video, data and CTV. In doing so, we process IP Addresses, and Device IDs ",Yes,No,,,0,,,Nicholas DePaulo,Compliance Paralegal,11/12/2025
20250081,Trans Union LLC,"555 W ADAMS ST , CHICAGO , IL , 60661-3719 , United States",privacy@transunion.com,https://www.transunion.com,https://www.transunion.com/consumer-privacy,8663108783,David Healy,"Categories of personal data which may be collected: Identifiers (name, address, phone number, email); Sensitive Data (government identifiers, Social Security numbers, age/date of birth, racial or ethnic origin, religious or philosophical beliefs, marital status, political affiliation, language, gender); Commercial Data; Inferences drawn from other Personal Data; Internet or other similar electronic network activity (cookies, preferences, IP address); Biometric Data Sensory Data; Device Data; Geolocation Data; Employment-Related Data; Education Data",Yes,No,,,1,"1 breach. 3,860,111 impacted consumers. 
Date and time period of the security breach: 7/28/2025 - 7/29/2025","Transunion may sell/share categories of Personal Data (except government identifiers, biometric, education, sensory, and precise geolocation data) to third parties, e.g., customers, in connection with the delivery of our services.

To opt out of receiving marketing messages, visit: https://dmachoice.thedma.org/; www.networkadvertising.org/managing/opt_out.asp; https://optout.aboutads.info.
 
TransUnion also offers opt-out and data privacy rights consistent with comprehensive privacy laws in applicable states; more information is available at https://www.transunion.com/privacy.",David Healy,US Privacy Operations,2/20/2026
20250080,"TransUnion Risk and Alternative Data Solutions, Inc.","555 W ADAMS ST , CHICAGO , IL , 60661-3719 , United States",privacy@transunion.com,https://www.transunion.com,https://www.transunion.com/consumer-privacy,8663108783,David Healy,"Categories of personal data which may be collected: Identifiers (name, address, phone number, email); Sensitive Data (government identifiers, Social Security numbers, credit card account information, age/date of birth, racial or ethnic origin, religious or gender); Commercial Data; Inferences drawn from other Personal Data; Internet or other similar electronic network activity (cookies, preferences, IP address); Biometric Data; Sensory Data; Device Data; Geolocation Data; Professional or Employment-Related Data",Yes,No,,,0,,"In order to enable our business partners to communicate with consumers in a digital environment and to provide relevant products and services to consumers, we may sell/share categories of Personal Data (except government identifiers, biometric, education, sensory, and geolocation data) to third parties.

To opt out of receiving marketing messages, visit: https://dmachoice.thedma.org/; www.networkadvertising.org/managing/opt_out.asp; https://optout.aboutads.info. 
We also offer opt-out and data privacy rights consistent with comprehensive privacy laws in applicable states; more information is available at https://www.transunion.com/privacy.",David Healy,US Privacy Operations,2/18/2026
20250079,"Altair Data Resources, Inc.","1749 MALLORY LN STE 201 , BRENTWOOD , TN , 37027-2931 , United States",privacy@altairci.com,www.altairdata.com,https://altairdata.com/privacy-policy/,6154686885,Jeremy Smith,"Credit, Consumer, Property, and Mortgage. All for marketing purposes only.",Yes,No,,,0,,We do not collect data directly from the public. Our data is sourced from other data brokers for resell to our clients.,Jeremy Smith,Controller,2/17/2026
20250078,ListKit LLC,"8 THE GREEN STE 12710 , DOVER , DE , 19901-3618 , United States",support@listkit.io,listkit.io,https://www.listkit.io/privacy-statement,2727882122,James Greene,"Contact details (name, email address, phone number, website, and address), employment details (employer, job title, and department), social media information (social media or professional profile link), and biographical information (work or education history). ",No,No,,,0,,Please visit our privacy policy at https://www.listkit.io/privacy and privacy statement at https://www.listkit.io/privacy-statement for additional information about data collection practices.,James Greene,Attorney for ListKit LLC,4/8/2026
20250077,"Altrata, Inc. ","1270 AVENUE OF THE AMERICAS STE 1100 , NEW YORK , NY , 10020-0075 , United States",legal@altrata.com,www.altrata.com,https://altrata.com/,7042495414,Gemma Bolton,"Contact and Sign-In Information, Employment Information, Geolocation data, Correspondence you send to us, We collect internet, electronic activity, and other information automatically from the devices, browsers, and apps that you use, including your device type; Internet protocol (IP) address; device and advertising identifiers, and other unique personal or online identifiers; time zone setting and location; browser type and version; browser plug in types and versions; operating system and platform; Internet service provider; pages that you visit before and after using the Online Platforms, browsing history, and search history; the date and time of your visit; information about the links you click, pages you view, and advertising you interact with within the Online Platforms and other information about how you use the Online Platforms; the technology on the devices you use to access the Online Platforms; standard server log information; and app usage data and files downloaded to your apps. We also receive some of the information described above from other sources, including from other users of our products and services, marketing partners, entities that sell data, and third-party services and organizations.",Yes,No,,,0,,Please find all of the information related to Altrata's data collection practices here: https://altrata.com/online-privacy-notice,Gemma Bolton ,Legal Director ,2/13/2026
20250075,"PrivCo Media, LLC","149 E 23RD ST , NEW YORK , NY , 10010-3765 , United States",basil@privco.com,https://www.privco.com/,,6468593294,Basil Hamadeh,"Financial data from US private companies (includes full company profiles, funding and deal specifics with post-money valuations, company summary reports, company retirement plans, and company signals). Business information includes company revenue, EBITDA, valuation, funding, growth rates, location, and ownership. Platform allows user to search by industry-specific indicators for employee benefit plans, including the size of assets in a 401(k), companies that have Fidelity Bond issues and are in violation of ERISA, companies with 401(k) plans that have low employee participation rates, companies with more 401(k) participants than current employees, and 401(k) plan yearly performance. Access to 72 million contact records (including email addresses, business and phone numbers, and linkedin profiles).",No,No,,,0,,"Regarding the credentialing process, PrivCo sells primarily enterprise subscriptions to large corporations i.e. AmEx, MSFT, Big 4 Accounting Firms.  However, PrivCo also has a PrivCo Select option, which makes about 10% of its business and not much is known about those purchasers though there is a credit card validation process.",Dirk Sampselle,Counsel for PrivCo,3/25/2025
20250074,Acronymix LLC,"1333 S. Ocean Blvd #321 , Boca Raton , FL , 33433 , United States",privacy@acronymix.com,http://acronymix.com/,https://acronymix.com/privacy-policy/,18009749474,David Fenichel,"Name; Address; Precise Geolocation Data; Date of Birth; Financial Information; Information revealing an individual's racial or ethnic origin, color, religious beliefs, or union membership",No,No,,,0,,,Zane Witherspoon,Authorized Registrant,1/8/2026
20250066,Precisely Software Incorporated,"1700 DISTRICT AVE , BURLINGTON , MA , 01803-5231 , United States",privacy@precisely.com,https://www.precisely.com/,https://www.precisely.com/your-privacy-choices/,2015768960,Susan Fletcher,"Business contact details e.g. first and last name, job title, employer or business details, phone number, business facsimile number, email address, business mailing address, postal code, state/province, or country. 

Account set-up: account Information, username and password to use our services.

Forums and support: education and job history, certifications, profile photo, honors or awards, social media sites, status as a mentor/mentee, and the content of communications and posts in forums.

Information we collect automatically may include: Internet protocol (“IP”) address or mobile device identifier.
Device type, such as phone, computer, or tablet type.
The type and version of browser, browser plug-in, operating system and/or platform .
The domain name of internet service provider.
Date and time stamps.
Timezone setting and location.
Information collected via cookies and other tracking technologies.
Information regarding access and use of our Services. 
Information from third parties, suppliers and vendors:
Information regarding the characteristics associated with residential and commercial addresses and other physical locations, such as whether an address is located in a flood zone. We may also receive information, which is generally publicly available, from Congressional records, and that identifies commercial and residential property owners. 
We assign a Precisely ID to an address to represent that address over time and to identify the attributes (e.g., flood zone risk) associated with an address over time. The Precisely ID may be combined with information that is personal data. In addition, we may receive information, which may include device ID or location information, from data suppliers and use that information to help us provide aggregated data to our customers. 
Sensitive Personal Data, such as information that may qualify as precise geolocation data.
Please see our Privacy Notice for further information: https://www.precisely.com/legal/privacy-notice.",Yes,No,,,0,,"Precisely is committed to protecting privacy and safeguarding personal data. Please visit: https://www.precisely.com/legal/privacy-notice to read our Privacy Notice and learn more about our privacy practices.

",Susan Fletcher,Chief Privacy Officer,1/6/2026
20250065,"Electronic Voice Services, Inc.","13601 Preston Ro , Dallas , TX , 75240 , United States",richard@evs7.com,www.evs7.com,https://www.evs7.com/privacy-policy,9727136622,Richard Hardgrave,"Business and Consumer names, addresses, telephone numbers, email addresses, basic demographic information",Yes,No,,,0,,"Our company does not collect the data, but instead purchase it for resale from a large national data collection company.",Richard Allen Hardgrave,President,1/27/2026
20250063,"People Data Labs, Inc.","156 5th Ave #1200 , New York , NY , 10010 , United States",privacy@peopledatalabs.com,https://www.peopledatalabs.com/,https://privacy.peopledatalabs.com/policies?modal=select-subject,18888681028,Valerie Lim,"B2B professional context data including email addresses, job titles, companies, phone numbers, business ownership and professional skills. This includes items such as work or personal email address, phone number, job titles, job history, professional certifications, educational attainment, street address, birth date, languages spoken and business ownership or executive roles.",Yes,No,,,0,,"Further details on our data sourcing methods can be found here: https://docs.peopledatalabs.com/docs/data-sources
Texas consumers can exercise their rights here: https://privacy.peopledatalabs.com/policies?modal=select-subject",Valerie Lim,Privacy Manager,4/3/2026
20250062,"PossibleNOW, Inc.","4400 RIVER GREEN PKWY STE 100 , DULUTH , GA , 30096-2538 , United States",accounting@possiblenow.com,www.possiblenow.com,https://www.possiblenow.com/privacy-statement,7702551020,Robert Tate,"Publicly available information pursuant to Tex. Bus. & Com. Code sec. 509.001(14)(a), (b), (c) (i.e names, addresses, ages) ",No,No,,,0,,,Robert Tate,COO,12/11/2025
20250060,BDEX LLC,"18117 BISCAYNE BLVD PMB 2575 , AVENTURA , FL , 33160-2535 , United States",privacy@bdex.com,www.bdex.com,https://www.bdex.com/privacy-policy/,9174106616,David Finkelstein,"Identifiers: unique personal identifiers, online identifier, IP addresses, email addresses, name, postal address, phone number or other similar identifiers 

Internet or electronic network activity information: information regarding a consumer's interaction with a website, application, including cookies, mobile identifiers, IP address, and other custom online identifiers ",Yes,No,,,0,,,David Finkelstein,CEO,1/20/2026
20250059,Unearth Campaigns LLC,"555 CAPITOL MALL STE 525 , SACRAMENTO , CA , 95814-4583 , United States",ops@unearthcampaigns.com,https://www.unearthcampaigns.com/company/,https://www.unearthcampaigns.com/privacy-policy/,9165869819,Lamyea Hasnain,"We collect information from a variety of sources, including government records, information made available by individuals online, information from data providers and service providers. We receive from these sources information such as email addresses, phone numbers, birthdates, employment information, and mailing addresses. All information we collect is hashed and anonymized before being shared with digital ad platforms and made available to customers for the purpose of targeted digital advertising. ",Yes,No,,,0,,Details regarding our data collection and usage are available in our  privacy policy: https://www.unearthcampaigns.com/privacy-policy/,Lamyea Hasnain ,Operations Manager ,3/6/2026
20250058,"Ownco, LLC","6925 S UNION PARK CTR , Cottonwood Heights , UT , 84047-4142 , United States",robert.zitting@monitorbase.com,https://www.monitorbase.com/,https://my.monitorbase.com/privacypolicy,8887956575,Robert Zitting,"Identifiers such as: names, addresses, email addresses, and phone numbers. As well as credit information and county assessor data such as loan amounts, loan types, and lien holders.",Yes,No,,,0,,"Ownco, LLC is a reseller of prescreened credit information, authorized under the FCRA, to lenders for the purpose of delivering a firm offer of credit to the consumer. We also sell consumer-authorized instant credit pre-qualifications to lenders. ",Robert Zitting,VP of Operations & Compliance,12/18/2025
20250056,"Free Data Services, LLC","1915 21ST ST , SACRAMENTO , CA , 95811-6813 , United States",privacy@truepeoplesearch.com,truepeoplesearch.com,https://www.truepeoplesearch.com/privacy,8888384803,Sierra Irvin,"Identifiers
Characteristics of Protected Classifications Under Applicable State or Federal Law
Property or Business Record Information
Internet or Other Electronic Network Activity Information
Device Information
Geolocation Information
Information Included in Communications with Us
Search Criteria
Inferences Drawn from Any of the Personal Information Identified Above
 
For additional information on our privacy practices, please see the privacy notice located in the footer of our website.",No,No,,,0,,"To learn about the privacy practices for our site, please visit https://www.truepeoplesearch.com/privacy.

Consumers can exercise their right to opt out of the sale of certain personal information by submitting a request using the ""Do Not Sell My Personal Information"" link on the footer of our website. We do not accept privacy requests received via email.

To opt out of the sale or sharing of personal information that occurs through the online collection technologies we use (e.g., cookies), consumers will need to opt out using the cookie banner presented on the bottom of the screen upon visiting our website.",Sierra Irvin,Compliance Manager,11/21/2025
20250053,"Commercial Real Estate Exchange, Inc. ","5510 LINCOLN BLVD , LOS ANGELES , CA , 90094-1900 , United States",pkim@crexi.com,crexi.com,https://www.crexi.com/privacy,8882730423,Phillip Kim,"The categories of information we collect can include: 
●    Information you provide to us directly - such as your name, phone number, industry role, company information, payment information, email address and password when you register for our Service, utilize certain aspects of the Service, sign up for our mailing list, or otherwise communicate with us.    
●    Data collected through the use of our products and services (""Service""), your actions on the Service, and content you post to the Service - including your interaction with others on the Service, and photos you post to the Service, and any content you provide through messages, emails, chat, or other functionalities (“User Content”).    
 ●   Information we receive from third-party sites you connect to our Service.  We may receive personal information about you from third parties and combine that with information we collect through our Service.   
●    Information we receive from third parties. From time to time, we may receive information about you from third parties and other users (e.g., from your broker), such as your name, email and phone number. We may also collect information about you that is publicly available.
Please see our Privacy Policy (https://www.crexi.com/privacy) for more information. 
 ",No,No,,,0,,Please see Crexi's Privacy Policy (https://www.crexi.com/privacy) for more information. ,Steve Dawson,Head of Compliance,10/31/2025
20250052,DataDelivers LLC,"100 West Hillcrest Blvd., Ste. 406 , Schaumburg , IL , 60195 , United States",privacy@datadelivers.com,https://datadelivers.com/,https://datadelivers.com/privacy-policy/,6306352400,Carolina Morabito,"Our marketing data products contain publicly available information, surveys, and information from other data collectors. These products are used by businesses in their offline and online marketing programs. Our data products and service may include PII, such as your name, email address, mailing address, telephone number, contact preferences, and other identifiers. ",No,No,,,0,,"DataDelivers believes in a proactive, secure approach in protecting consumer privacy. We have implemented comprehensive and formal data protection policies which balance privacy expectations with the legitimate business need of our customers.
 
Our marketing data products contain publicly available information, surveys, and information from other data collectors. These products are used by businesses in their offline and online marketing programs. Our data products and service may include PII, such as your name, email address, mailing address, telephone number, contact preferences, and other identifiers. 
 
Consumers can request to correct inaccuracies in their personal data; delete personal data provided by, or obtained about, the consumer; obtain a copy of the consumer’s personal data in a portable and, to the extent technically feasible, readily usable format; and opt out of the processing of their personal data for purposes of (1) targeted advertising, (2) the sale of personal data, or (3) profiling in furtherance of solely automated decisions that produce legal or similarly significant effects concerning the consumer by submitting a verifiable consumer request by either:
 
•	Emailing us at privacy@datadelivers.com
•	Visiting our webpage at https:\\www.datadelivers.com
•	To opt out of the sale of your personal information, you can click the following link: (https://datadelivers.com/do-not-sell-or-share-my-personal-information/)
•	Phone number: 630-635-240
",Zane Witherspoon,Authorized Registrant,1/8/2026
20250051,Redmob Limited Liability Company,"30 N GOULD ST , SHERIDAN , WY , 82801-6317 , United States",privacy@redmob.io,www.redmob.io,www.redmob.io/privacy-policy,3024068118,Tomas Ivanauskas,"Device information, imprecise location, browser type, operating system, browser language, internet service provider, time of site visit, the page URL, IP address, data regarding activities on the website, app or other digital content source, other client data, such as user segmentation made by the client
",Yes,No,,,0,,,Tomas Ivanauskas,Head of Legal,12/4/2025
20250050,Snovio Inc,"65 Wickliffe dr , Naples , FL , 34110 , United States",admin@snov.io,https://snov.io/,https://snov.io/tdpsa,13477050819,Evgeny Medvednikov,"We collect the following categories of personal data:

contact information (name, address, email, phone)
third-parties first and last names and corporate emails
identifiers (IP address, browser type)
payment information (account balance information, card type, last 4 digits of the card number, name of payment processor)
messages and other information you may provide us via available contact options
We collect the following categories of personal data under the instructions of our clients:

third-parties first and last names and corporate emails
clients’ APIs from Zapier, Pipedrive, and Calendly integrations and lists of clients’ actions performed via integrations which indicate the timeline of performance of such actions
any personal data, including personal data of third parties that clients upload to the Snov.io platform


More at https://snov.io/knowledgebase/how-does-snov-io-collect-process-and-protect-personal-data/?utm_source=chatgpt.com",No,No,,,0,,"Snovio Inc. is a business-to-business (B2B) data broker that collects and processes professional contact information, such as names, corporate emails, job titles, and company details, to support sales, marketing, and recruitment efforts. The company emphasizes transparency and compliance with applicable U.S. laws, including ensuring its services are intended for professional use and not knowingly collecting data from minors. Snovio also implements robust security measures and provides users with rights to access, manage, or delete their data, adhering to privacy laws and industry best practices.

",Evgeny Medvednikov,Director,1/23/2026
20250048,"Consumer Canvas, LLC","200 W. Jackson Blvd., Suite 26 , Chicago , IL , 60606 , United States",privacy@consumercanvas.net,www.consumercanvas.net,https://www.consumercanvas.net/privacy/,2122405403,Anna Welch,"Consumer Canvas processes the following categories of personal data: identifiers, such as unique pseudonyms; individual consumer characteristics such as age; commercial information, such as products and brands that consumers are likely to prefer or purchase; location information, such as consumers' city and state of residence; and information about consumers' interactions with website, mobile apps, and other online services.  ",Yes,No,,,0,,"Consumer Canvas provides businesses with access to data that helps them better understand the U.S. consumer and improve their abilities to understand consumers' interests and preferences, primarily so they send ads that are more likely to be of interest to their consumers. Consumer Canvas does not collect its data directly from consumers; instead, it obtains information collected and provided by its data provider partners.   
When Consumer Canvas sells, shares, or discloses personal information, it takes contractual, technical, and organizational measures that are designed to limit the recipients’ use to specific purposes that are consistent with its privacy notice and in accordance with applicable law.
Consumer Canvas empowers and supports the exercise of consumer privacy rights. At any time, consumers can submit privacy requests by visiting: consumercanvas.net/privacy (also available by selecting ""Your Privacy Choices"" in the footer of the website: www.consumercanvas.net).",Alexandra Jacob,Director of Strategic Initiatives,2/3/2026
20250046,"Family Tree Now, LLC","1915 21ST ST , SACRAMENTO , CA , 95811-6813 , United States",privacy@familytreenow.zendesk.com,familytreenow.com,https://www.familytreenow.com/privacy,8778384889,Sierra Irvin,"Identifiers
Characteristics of Protected Classifications Under Applicable State or Federal Law
Property or Business Record Information
Internet or Other Electronic Network Activity Information
Device Information
Geolocation Information
Information Included in Communications with Us
Search Criteria
Inferences Drawn from Any of the Personal Information Identified Above
 
For additional information on our privacy practices, please see the privacy notice located in the footers of our website.",No,No,,,0,,"To learn about our privacy practices for each site, please visit https://www.familytreenow.com/privacy

Consumers can exercise their right to opt out of the sale of certain personal information by submitting a request by visiting the ""Do Not Sell My Personal Information"" link on the footer of our site. We do not accept privacy requests submitted via email.

To opt out of the sale or sharing of personal information that occurs through the online collection technologies we use (e.g., cookies), consumers will need to make a selection on the cookie banner that appears on the bottom of the page when visiting our site.",Sierra Irvin,Compliance Manager,11/21/2025
20250043,"Leidos Digital Solutions, Inc.","6909 Metro Park Drive , Alexandria , VA , 22310 , United States",teresa.chesson@leidos.com,https://leidosiq.com/,https://leidosiq.com,7032085006,Teresa Chesson,"Leidos Digital Solutions, Inc. is a reseller of voter data, which it sells to Federal, state, and Local elected officials and government offices.  ",Yes,No,,,0,,"Leidos Digital Solutions, Inc. is a reseller of voter data, which it sells to Federal, state, and local elected officials and government offices.  As a reseller, it purchases voter records at the direction of its customers, who are federal, state and local elected officials and government offices.  It provides such records to its customers for their own use.  As a reseller, Leidos Digital Solutions, Inc. does not have the ability to opt-out Texas residents from the sale of their public voter records.  However, L2 Inc., the organization that sells voter records to Leidos Digital Solutions Inc., provides an opt-out method to Texas residents which covers all of its commercial databases.
For information about how Leidos Digital Solutions, Inc. collects, uses, and discloses personal information and how Texas residents can opt-out of the sale of their personal information, please visit our Privacy Statement at https://www.leidosiq.com/privacy-statement.",Howard Langston,Program Manager,11/18/2025
20250042,"Tagis, Inc.","2443 Fillmore St #380-3880 , San Francisco , CA , 94115 , United States",privacy@amplemarket.com,https://www.amplemarket.com,https://www.amplemarket.com/legal/privacy,16502006474,Luis Batalha,"Publicly available information:
Name of professionals
Job titles and roles
Business email addresses
Business phone numbers
Employment history and job changes
Publicly available LinkedIn or other professional profiles
Company Data
Company names
Business addresses
Industry classification
Employee headcount
Revenue estimates
Corporate website URLs
Technographics (technology stack used by companies)
Fundraising and financial insights
",Yes,No,,,0,,NA,Luis Batalha,Founder & CPO,11/12/2025
20250041,Mississippi Tornado Alley LLC,"1915 21ST ST , SACRAMENTO , CA , 95811-6813 , United States",privacy@mtalley.zendesk.com,Usa-people-search.com; Advancedbackgroundchecks.com; Peoplesearchnow.com; USphonebook.com; Fastpeoplesearch.com; Searchpeoplefree.com; Smartbackgroundchecks.com; Cyberbackgroundchecks.com; Fastbackgroundcheck.com; Phonebooks.com,https://www.fastpeoplesearch.com/privacy,8666798725,Sierra Irvin,"Identifiers
Characteristics of Protected Classifications Under Applicable State or Federal Law
Property or Business Record Information
Internet or Other Electronic Network Activity Information
Device Information
Geolocation Information
Information Included in Communications with Us
Search Criteria
Inferences Drawn from Any of the Personal Information Identified Above

For additional information on our privacy practices, please see the privacy notices located in the footers of each of the websites we maintain.",No,No,,,0,,"Mississippi Tornado Alley LLC operates the following websites: Usa-people-search.com; Advancedbackgroundchecks.com; Peoplesearchnow.com; USphonebook.com; Fastpeoplesearch.com; Searchpeoplefree.com; Smartbackgroundchecks.com; Cyberbackgroundchecks.com; Fastbackgroundcheck.com; Phonebooks.com.
 
To learn about the privacy practices for each site, please check the privacy policy located in the footer of each website.
 
Consumers can exercise their right to opt out of the sale of certain personal information by submitting a request using the methods described on the Do Not Sell page of any one of our sites. We do not accept privacy requests received via email. The opt out request will be applied across all of these sites. To opt out of the sale or sharing of personal information that occurs through the online collection technologies we use (e.g., cookies), consumers will need to opt out separately on each website using the cookie banner.",Sierra Irvin,Compliance Manager,11/21/2025
20250040,"The Nielsen Company, LLC","675 Avenue of the Americas , New York , NY , 10010 , United States",privacy.department@nielsen.com,https://www.nielsen.com/,https://privacyportal-de.onetrust.com/webform/70b0083d-d519-4ad2-84ca-96b7c5f8e1a9/17f0d6c3-8c86-4594-b68b-c8879ec128eb,4107177134,Jerald Dotson,"Personal identifiers; Commercial information, including records of personal property, products or services purchased, obtained, or considered, or other purchasing or consuming histories or tendencies; Internet or other electronic network activity information, including, but not limited to, browsing history, search history, and information regarding a consumer's interaction with an internet website application, or advertisement; Geolocation data; Audio, electronic, visual, thermal, olfactory, or similar information; Professional or employment-related information; Sensitive personal information",Yes,No,,,0,,"Detailed privacy information can be found on https://www.nielsen.com/legal/privacy-principles/nielsen-marketing-cloud-services-privacy-statement/. 

Consumers can opt out of the collection and use of personal data at https://sites.nielsen.com/legal/privacy-statement/exelate-privacy-policy/opt-in-opt-out/ using their email address, MAID, or anonymously through their browser. ",Grace Yoon,VP - Product,1/30/2026
20250039,"eXelate, Inc.","675 Avenue of the Americas , New York , NY , 10010 , United States",privacy.department@nielsen.com,https://www.nielsen.com/,https://privacyportal-de.onetrust.com/webform/70b0083d-d519-4ad2-84ca-96b7c5f8e1a9/85c00ce0-85a5-4c1c-bb29-2967224c1b83,4107177134,Jerald Dotson,"Personal identifiers; Commercial information, including records of personal property, products or services purchased, obtained, or considered, or other purchasing or consuming histories or tendencies; Internet or other electronic network activity information, including, but not limited to, browsing history, search history, and information regarding a consumer's interaction with an internet website application, or advertisement; Geolocation data; Audio, electronic, visual, thermal, olfactory, or similar information; Professional or employment-related information; Sensitive personal information",Yes,No,,,0,,"Detailed privacy information can be found on https://www.nielsen.com/legal/privacy-principles/nielsen-marketing-cloud-services-privacy-statement/. 

Consumers can opt out of the collection and use of personal data at https://sites.nielsen.com/legal/privacy-statement/exelate-privacy-policy/opt-in-opt-out/ using their email address, MAID, or anonymously through their browser. ",Grace Yoon,VP - Product,1/30/2026
20250038,"Plunge, LLC","17200 Chenal Pkwy , Little Rock , AR , 72223 , United States",privacy@plungedigital.com,www.plungedigital.com,https://www.plungedigital.com/privacy-policy/,8447586434,Nick ten Bensel,"Types of Personal Information we collect, sell, share, or otherwise process include, without limitation:

Identifiers: name, postal address, email address, IP address, device identifiers
Commercial information: purchasing history, marketing preferences
Internet activity: browsing behavior, interaction with ads
Inferences: profiles reflecting behavior, interests, or characteristics
Professional information: job title, industry
Geolocation: general location derived from IP address",Yes,No,,,0,,,Nicholas D. ten Bensel,CEO,2/2/2026
20250037,Similarweb Ltd. ,"33 Yitzhak Rabin Road, Givatayim, 5348303",legal@similarweb.com,https://www.similarweb.com/,https://www.similarweb.com/corp/legal/privacy-policy/,0527807819,Ariella Magid,"Business contact information (full name of business contact, business email address, business telephone number and/or mobile number, company name, job title and industry).",Yes,No,,,0,,,Roy Fisher,AVP Finance Operations,1/13/2026
20250034,"VideoAmp, Inc. ","12121 BLUFF CREEK DR , LOS ANGELES , CA , 90094-2994 , United States",legal@videoamp.com,www.videoamp.com,https://videoamp.com/your-privacy-choices/,4242727774,Sharon Lee,Device IDs; HEMS; Cookies; Person ID (first and last name); Household ID; Household IP address; Postal address;  Household zip code; Phone number; Plain text email; Age; Gender; Marital Status; Geolocation; Income ,No,No,,,0,,N/A ,Yashina Burns,"VP, Associate General Counsel",1/30/2026
20250031,"Semcasting, Inc.","21 HIGH ST , NORTH ANDOVER , MA , 01845-2601 , United States",jgreer@semcasting.com,https://www.semcasting.com/,https://privacychoice.com/,9786847580,JARED GREER,"We provide deidentified data to customers based on the publicly available, precise geolocation data we collect for individuals 18 years of age and older.",Yes,No,,,0,,,Jared Greer,Controller,1/20/2026
20250030,"Quad/Graphics, Inc","N61W23044 HARRYS WAY , SUSSEX , WI , 53089-3995 , United States",databroker@quad.com,www.quad.com,https://www.quad.com/legal/privacy-policy,4145666000,Elizabeth Fowler,Personal Data of Individuals and precise geo-location data,Yes,No,,,0,,,Elizabeth Fowler,"Exec. Director, Data Platform and Partnerships",12/9/2025
20250029,"Data Decisions Group, LLC","123 W FRANKLIN ST , CHAPEL HILL , NC , 27516-2684 , United States",privacy@datadecisionsgroup.com,www.datadecisionsgroup.com,https://datadecisionsgroup.com/preferences,8885308596,Heather Primm,"Personal and Household Identifiers; Commercial Information; Demographics Information;
Education Information; Internet or other electronic network activity;
Professional or employment-related information; Inferences; Sensitive Personal Information
",Yes,No,,,0,,"For additional information about Data Decisions Group’s collection, use, sale 
and disclosure of personal information or to submit an Opt-Out request, 
please visit: https://datadecisionsgroup.com/privacy-policy/
",Heather Primm,Director of Operations,11/7/2025
20250028,"TSG Holdco, LLC","7950 LEGACY DR , PLANO , TX , 75024-4110 , United States",tsg@finthrive.com,www.finthrive.com,https://finthrive.com/texas-data-broker-disclosure-tsg-holdco?hs_preview=hmAXRXQn-205484825751,7703126418,Jen DeYoung,"TSG Holdco, LLC is a reseller of data regulated by GLBA and DPPA. TSG Holdco, LLC only resells this data to entities who are credentialed and have a permitted use under those applicable laws. Categories of data include identifiers (name, address, phone number) and other sensitive data for purposes of confirming right party contact information in the healthcare industry.",Yes,No,,,0,,,Jen DeYoung,"Vice President, Compliance & Audit",1/28/2026
20250026,Reklaim Ltd.,"PO Box 60029 Etobicoke RPO
Thorncrest, ON
M9A 5G2",finance@reklaimyours.com,https://www.reklaimyours.com/,https://www.reklaimyours.com/privacy-policy,4166025564,Neil Sweeney,"Sensitive Data including health information, education level, financial information, PII.  No account numbers are collected.",No,No,,,0,,"All information collected by the Data Provider is obtained through the Reklaim app available on the Apple and Google APP stores (free).  Users of the app share as much or as little information as they wish and approximately weekly have the opportunity to share their data (anonymously) as part of a data set used by Reklaim to satisfy advertising orders from clients.  The user is in full control at every step and must actively participate to agree to share their data when new opportunities are available or their data isn't used.  Users get points for sharing their data which they can redeem for awards like a Paypal credit. With Reklaim, the user is in full control - we let them  ""Reklaim"" control of their data!",John Leon,Controller,1/15/2026
20250024,01Advertising Inc.,"3857 BIRCH ST, PMB 5032 , NEWPORT BEACH , CA , 92660-2616 , United States",privacy@01advertising.com,https://www.01advertising.com,https://www.01advertising.com/legal/,9496099797,Laleh Nikkhoo,"01Advertising process and transfer digital signals (IP, browser or device information such as advertising IDs, GPS coordinates, site or app information, advertising campaign information, cookie and partner identifiers, interactions, and network activities), terrestrial data (name, alias, address, phone, email, demographic and geographic information, behavioral interests, business and career, purchase considerations), and physical data (point of interest and geospatial data).",Yes,No,,,0,,"We use consumer data to create products and services that help consumers receive relevant marketing offers while reducing marketing waste and unwanted advertising. We require our clients to use our products solely for marketing-related activities, not for sensitive decisions such as credit, employment, or housing. We do not possess or utilize highly sensitive data, including credit card or bank account numbers, Social Security Numbers, or protected health information (also known as “HIPAA data”).

We care about consumer privacy and have provided full details on our website at https://www.01advertising.com/legal/ for consumers to opt-out of our marketing products and services. We believe in honoring consumers’ privacy choices and do our absolute best to uphold this promise.",Laleh Nikkhoo,Business Development Executive,12/26/2025
20250023,Sterling Data Company LLC,"8 THE GRN , DOVER , DE , 19901-3618 , United States",privacy@sterling.ai,sterling.ai,https://sterling.ai/privacy-policy/,2027018709,Caroline Jaros,"Name (first and last), email address, phone number, state of residence, address",No,No,,,0,,,Caroline Jaros,Member,12/10/2025
20250021,"Forager.ai, LLC","4001 N OCEAN BLVD , GULF STREAM , FL , 33483-7525 , United States",legal@forager.ai,forager.ai,https://app.forager.ai/privacy,8182826243,Benjamin Walsh,"We process and transfer business contact information including name, job title, email address and phone number.",No,No,,,0,,,Benjamin Walsh,Corporate Counsel,1/7/2026
20250018,LeadPost LLC,"555 WASHINGTON AVE , SAINT LOUIS , MO , 63101-1249 , United States",amanda@leadpost.com,www.leadpost.com,https://leadpost.com/privacy-policy/,8664566674,Amanda Mannix,"A. Name, general geolocation, IP Address, email address, phone number, mobile number, unique personal identifiers, online identifiers, and identity information relating to data used to identify an individual.
B. Age, date of birth, gender, race, your telephone number, and veteran status.
C. Commercial information
D. Internet or other electronic network activity information,
E. Geolocation data
F. Audio, electronic, visual, or similar information as well as recordation, including, where permitted by law, recordings of phone calls between us or our customer service providers. 
G. Professional or employment-related information, which may be collected when verifying your identify and may include the business or organization an individual represents, their title with that business or organization, and information relating to their role with the business or organization.
H. Inferences drawn from Personal Information or analytic data. From information we collect as set forth in our policies and information provided by third-parties, contractors, and our analysts, we are able to create a profile or general understanding of your preferences, characteristics to determine what content, ads, or products you may be interested in receiving. We may share this with third-parties who provide services and analytics to us as well as advertisers who support our publication. Such third-parties may provide additional Personal Information to allow us to draw an inference about interests and preferences about you which we use for the benefit of our clients based on our and third-party’s analysis of your trends",No,No,,,0,,https://leadpost.com/privacy-policy/,Amanda Mannix,COO,11/10/2025
20250017,adsquare gmbH,"Saarbrücker Str. 36
10405 Berlin
Germany",legal@adsquare.com,www.adsquare.com,https://adsquare.com/privacy/us_privacy_supplement/,4930208498140,Natalia Osorio,"Categories of data processed:
1. Unique Online Identifiers 
2. Device Identifiers 
3. Geolocation Data (May include precise geolocation data as described by the applicable State Law)
4. Time Stamps  
5. Audience Segments 

Categories of Data shared 
1.  Mobile Advertising IDs 
2. Date and time of visiting set of locations (Precise geolocation data such as latitude/longitude is not shared, sold, or provided to any recipient. 
3. Cookie information 
4. Audience segments  (Demographics, preferences)



",No,No,,,0,,"We have records of our data processing activities - Record of Processing Activities (“ROPA”).
Our Privacy Policies are always up to date: Website, Platform, Employees (last update 01/2025).
We have contracts supporting all the partners and clients’ relationships that imply the processing of Personal Data.
We audit our data suppliers.
We have Technical and Organizational Measures (“TOMs”) to ensure security of Information.
We ensure Data Subjects Rights by having clear and easy to access processes for their requests (100% response rate). 
We train our employees on the basics of data protection.
",Natalia Osorio,Head of Legal and Compliance,10/27/2025
20250016,Message Digital LLC,"2054 UNIVERSITY AVE , BERKELEY , CA , 94704-1076 , United States",privacy@messagedigital.com,messagedigital.com,https://messagedigital.com/my-data,5102008316,Eric Wilfong,"Personal names, mobile phone numbers, email addresses, mailing addresses.",Yes,No,,,0,,,Eric Wilfong,"Sr. Director, Data Services",12/13/2025
20250015,"Narvar, Inc.","3 East Third Avenue, Suite 211 , San Mateo , CA , 94401 , United States",legal@narvar.com,https://corp.narvar.com/,https://corp.narvar.com/,6505859550,Jason  Sokel,"Categories of Data
Personal Data transferred concerns the following data categories:
•	Direct identifying information (e.g., name, email address, telephone).
•	Indirect identifying information (e.g., package delivery address, device IP address).
•	Publicly available social media profile information (in the case of individuals that elect to obtain information about their orders via social media platforms).
",Yes,No,,,0,,,Jason Sokel,Corporate Counsel,12/1/2025
20250013,"Aidentified, Inc.","33 BRADFORD ST , CONCORD , MA , 01742-2986 , United States",jspofford@aidentified.com,www.aidentified.com,https://www.aidentified.com/privacy--policy,5083666969,Juliana Spofford,"The main categories of personal information that Aidentified collects, processes and transfers are:
•	Professional and household contact information (including name, address, email and phone numbers, and employer company name, company address, title, work email and work phone, social URLs)
•	Educational information (where a person went to school)
•	Employment history
•	Commercial information (e.g., products or services purchased, or other purchasing or consuming histories or tendencies)
•	Information on events or transactions about a person or a company associated with that person (e.g., M&A activities, IPOs, financing events)
•	Website and online data relating to IP addresses, and geolocation data inferred from IP addresses or postal addresses
•	Information about a person or a company associated with that person from publicly available news articles from RSS news feeds",Yes,No,,,0,,"For additional information about collection, use, sale, and disclosure of personal information by Aidentified, please go to https://www.aidentified.com/privacy--policy",Juliana Spofford,General Counsel and Chief Privacy Officer,11/18/2025
20250011,"Clearview AI, Inc.","1321 UPLAND DR , HOUSTON , TX , 77043-4718 , United States",legal-requests@clearview.ai,https://www.clearview.ai/,https://www.clearview.ai/privacy-policy,18666370257,Maria Ibrahim,Publicly available online photos and attendant links responsive to user searches.,Yes,No,,,0,,,Maria Ibrahim,Associate Legal Counsel,11/26/2025
20250008,LoopMe Ltd,"Second Floor, The Sans, 20 St John's Sq, London EC1M 4AH",legal@loopme.com,https://loopme.com/,https://legal.loopme.com/privacy-center,447779991560,Paolo Cerroni,"1.Identifiers: LoopMe online identifiers (numerical sequence of letters and numbers which LoopMe assign to each User which is unique to LoopMe); IP address;  Advertising identifiers (e.g., such as Apple's IDFA or Google's AAID); Information about the application where the advertising space is located (e.g. application name or IDFA); Probabilistic identifiers included in the bid stream.
2.Information about your device: Type of device (e.g. smartphone, laptop, Connected TV (""CTV"")); Operating system of your device version, language, date and time; Network carrier information (e.g. Wifi, 4G or Wired connection)
3. Browsing events: Page or app URL (e.g., www.publishersite.com); Browser Information (e.g. Safari or Chrome) usage; App usage and browsing information from apps a User has installed on their device; User Interactions (e.g., UUID 123 interacts with mainly content related to travel).
4.Geolocation information: Non-Precise Geolocation data: On web and web mobile, we collect non-precise location information at the country and/or city level that are derived from user IP Address (e.g., a user lives in New York); Location data: On mobile apps, we may collect your location on the publisher’s app (latitude / longitude) (subject to your consent where required).
5.Survey data: We may collect additional data that you submit to us directly via surveys created that we or our business partners ask you to complete. Where you chose to provide it, this may include sensitive personal information (i.e. any health conditions you suffer from). Survey responses are recorded against Identifiers which we receive from our Open RTB partners in connection with showing our survey to you.
6. Inferred data: We may also infer or collect additional information about you based on what we or our partners collect (including through real time bid requests).
7.Privacy choices: We record your preferences regarding the processing of your data, based on the information you have received.",Yes,No,,,0,,"Our Privacy Notice explains who we are, how we collect, share and use personal information about users, and how users can exercise their privacy rights. Our Privacy Notice is found here: legal.loopme.com/privacy-center 
",Paolo Cerroni,VP Legal,11/5/2025
20250005,"Belardi Wong, ALC, LLC","7 WITHERSPOON ST , PRINCETON , NJ , 08542-3201 , United States",privacy.officer@belardiwong.com,https://belardiwong.com/,https://belardiwong.com/privacy-policy/,2129241300,Donna Belardi,"We collect PII on behalf of our clients to manage and monetize their data within compliance of the law and voluntary self-regulation. For example, PII may be collected should a marketer wish to send a direct mailer or catalog.  Additionally, a consumer may wish to provide PII on his/her own initiative, register with a publisher to download a mobile app, or want to add their information for lead generation purposes with Belardi Wong or its client.

The Non-PII we collect may include, as an example, IP address, browser types, operating systems, domain names, platform type, language preference, access dates and times, referring website addresses, online transactions web browsing, and search activity. ",Yes,No,,,0,,,Jason Bier,General Counsel,1/15/2026
20250004,"Dun & Bradstreet, Inc.","5535 Gate Parkway , Jacksonville , FL , 32256 , United States",privacyofficer@dnb.com,www.dnb.com,https://submit-irm.trustarc.eu/services/validation/ba81b98f-997d-4216-b4cc-d64cf261b082,9046486350,Victoria  Tengelics,"Identifiers
o	Name
o	Email address
o	Address
o	Telephone number
o	Login credentials

Professional Contact and Career Information
o	Business Address
o	Business Email Address
o	Business Phone
o	Job title
o	Education level
 
Commercial information
o	Products or services purchased
o	Purchase history
o	Billing information

Internet Data
o	IP address
o	Browser type
o	Website pages visited
o	Device ID
o	Cookies
",Yes,No,,,0,,"For additional information about our data collection practices, please see our Privacy, Data Transparency, and AI Trust Centre available at: https://www.dnb.com/en-us/why-dnb/data-transparency.html and our Privacy, Data and AI Transparency Statement at https://www.dnb.com/content/dam/web/company/about/content/pdaits/DnB_Privacy-Data-AI-Transparency-Statement_USMarket.pdf",Victoria Ann Tengelics,Senior Attorney - Privacy and Cybersecurity,1/31/2026
20250003,Anchor Computer Inc.,"1300 WALT WHITMAN RD , MELVILLE , NY , 11747-3001 , United States",privacyteam@anchorcomputer.com,https://anchorcomputer.com/,https://www.anchorcomputer.com/privacy-policy/,6313069336,Jim Spillane,"Name, address, demographics, email, phone data as it applies for marketing purposes",No,No,,,1,"Security data breach experienced on 09/12/2025. Approximately 500,000 consumers were affected.","Collection policies are in our privacy policy on our website

https://ecom2.anchorcomputer.com/privacyrequest",Hunza Khan,Data Analyst,12/8/2025
20240271,"Zenleads, Inc.","440 N Barranca Ave #4750 , Covina , CA , 91723 , United States",dpo@apollo.io,https://www.apollo.io/,https://www.apollo.io/company/privacy-center,2019170634,Alexa Summers,"Identifiers, such as: name, email address, job title and department, phone numbers (general or direct business numbers, faxes, and/or mobile numbers), and social networking URLs.
Personal Information Categories Listed in the California Customer Records Statute, such as name, telephone numbers (general or direct business numbers, faxes, and/or mobile numbers), employment status, and employment history.
Internet or Other Similar Network Activity, such as Internet Protocol address, online identifiers and information on a consumer’s interaction with a website, application, or advertisement.
Professional or Employment-Related Information, such as email address, telephone numbers (general or direct business numbers, faxes, and/or mobile numbers), current or past job history, and title.
Inferences, which may be drawn from the information identified above to make predictions about your preferences and interests.
Geolocation Data, such as information about your physical location collected from geolocation features on your device, including your IP address.
Commercial Information, such as products or services purchased.
Sensitive Personal Information, such as, account log-in and password, financial data, or other credentials allowing access to your account.",Yes,No,,,0,,Apollo provides its customers with the technological equivalent of a digitized Rolodex of business cards. ,Alexa Summers,General Counsel,1/6/2026
20240270,FourLeaf LLC,"30 N GOULD ST , SHERIDAN , WY , 82801-6317 , United States",privacy@fourleafdata.com,www.fourleafdata.com,https://www.fourleafdata.com/privacy-policy/,8003606213,Gerry Flynn,"FourLeaf processes identifiers (e.g., name, IP address, email address (or hashed email), mobile device ID, postal address, and phone number), demographic information (e.g., gender, age, and date of birth), professional information (e.g., job industry and title), education information, purchasing and consuming histories or tendencies, internet or other electronic network activity information.  Of the data processed, FourLeaf may transfer name, IP address, email address (or hashed email), consent records, and postal address.",Yes,No,,,0,,,Gerry Flynn,COO,10/16/2025
20240269,Affinity Solutions Inc.,"112 W 34TH ST , NEW YORK , NY , 10120-0101 , United States",privacy@affinitysolutions.com,https://www.affinity.solutions/,https://www.affinity.solutions/,2128229600,James Cottone,"Affinity Solutions Inc. processes and transfers different categories of data, including:
- Contact Data, such as name, address, email address
- Commercial Transaction Data including purchase history, purchasing tendencies, geolocation data (but not precise geolocation data) for retail locations where purchases were made
- Demographic Data, such as gender, age range and household inferences

The categories above represent the primary data types processed; additional related personal data may be processed consistent with our Privacy Policy.




",Yes,No,,,0,,"Affinity does not share consumer contact information with third parties. Commercial transaction data, as explained above, may be licensed to business partners to build profiles of aggregated groups of consumers to characterize purchase behavior. Demographic information may also be shared with partners to develop marketing solutions. Consumers can learn more about their rights and how to exercise them by visiting our privacy policy and Do Not Sell my data pages which are located on our publicly available website.
",James Cottone,"SVP, Chief Compliance Officer",9/25/2025
20240268,"Rich Media FL, LLC","10191 SWEET BAY CT , PARKLAND , FL , 33076-3928 , United States",jeff@richmediallc.com,www.richmediallc.com,https://richmediallc.com/privacy-policy/,9542921013,Jeffrey Richman,"Name/Address
Email
Demographic
Lifestyle
Browser
Device",Yes,No,,,0,,,Jeffrey Richman,Manager,10/6/2025
20240265,Redi-Data Inc.,"107 Little Falls Rd , Fairfield , New Jersey , 07004 , United States",jlauda@redidirect.com,www.redidata.com,https://www.redidata.com/privacy-policy/,9732274380,Joe Lauda,"Redi-Data consumer and healthcare data is based off public available data and enhanced with additional data. 

Redi-Data has no sensitive data as outlined in  509.001 (15 ) A-L and O-P.  We do have information related to number of children in household, but we do not have any information on the child as we carry no information on anybody under the age of 18.  In states that allow it, we do hold language and ethnic information which is modelled.
",Yes,No,,,0,,"Here are more detailed Categories:

Person Info – Includes Name, Address, Phone, Age, Year of Birth, Education, Gender, Title and Marital Status.

Ethnic Info – Includes Ethnic Group, Religion and Language Codes.  This is filtered for states that restrict these data elements.

Occupation Info

Mortgage and Property Info – Household level

Credit and Financial Info – Household level

Demographic info (Lifestyles, Hobbies and Interests) – Household level

Household Info – Household level

Donor Info – Household level

HCP Related Info – Includes Government ID’s like NPI Number, HCP’s specialty, Medical and Graduate information, Type of Procedures and scripts written.  We hold no information related to patients only the HCP. 
",Joseph R Lauda,Controller,9/16/2025
20240262,True Blue Analytics LLC,"919 N MARKET ST , WILMINGTON , DE , 19801-3036 , United States",Ben@trueblueanalytics.org,trueblueanalytics.org,https://trueblueanalytics.org/privacy-policy,7732344948,Benjamin Bobo,"We collect and process personal data and publicly available information. Specifically, we collect and process first name, last name, email address, mailing address, phone number, publicly available and useable donation history, privately available donation history, and non-sensitive demographic data. All of this data is used to predict who, how, and if someone will donate. The data transferred is only the first name, last name, mailing address, email address, phone number or a combination of the five.",Yes,No,,,0,,We specifically do not collect sensitive information and do not transfer information about demographics or donation history - we use this data internally to create ranking systems and modeling that allow us to create predictive models on donor behavior.,Benjamin Bobo,Co-Owner,11/4/2025
20240257,Preqin Ltd,"Verde, 10 Bressenden Place
London SW1E 5DH",groupprivacyteam@blackrock.com,www.preqin.com,https://www.preqin.com/policies/privacy-policy,4402032070333,Florent Tual,"HR data of Texas based employees
Contact details of individuals involved in the Alternatives investment industry (Full Name, Job Title, email, telephone number, linkedin URL, job history, education history). This is a global database, including some individuals based in Texas.",Yes,No,,,0,,,Florent Tual,"VP, Data Privacy",12/4/2025
20240256,"saleSEER, Inc.","6622 Rodrigo Street , Houston , TX , 77007 , United States",jean.vansoelen@saleseer.com,www.saleseer.com,N/A,8325923600,Jean van Soelen,"Clinical data broker - Electronic Medical Records (EMR), Claims, Remittances, Labs orders & results, Specialty prescribing data, ect.  All data is HIPAA compliant and transferred directly from the data source to the licensee.  saleSEER does not take possession of the data at any time.",Yes,No,,,0,,"saleSEER doesn't take possession of the data.  As a broker, we have responsibility for the marketing and sales of the data and our data sources have responsibility for maintaining HIPAA compliance and data security.",Jean van Soelen,CEO,11/15/2025
20240255,Blis Global Ltd,"32 London Bridge Street, 15th Floor, The Shard
London
SE1 9SG",privacy@blis.com,blis.com,https://blis.com/privacy-centre/,442034754660,Greg Isbister,"With respect to Blis' advertising technology services and in relation to its data broker status, the personal data we may hold about you may be associated with one or more pseudonymous identifiers linked to your device, such as cookies or Mobile Advertising IDs.  We do not associate that identifier with your name, email, address, or phone number, because we don’t collect that type of directly identifying information about consumers.


Mobile Advertising ID
The Mobile Advertising ID, also referred to as a MAID, is a string of digits associated with a mobile device assigned by operating systems like Android and Apple IOS. 
IDFV
The ID for Vendors (IDFV) is a code assigned to all apps by one developer and is shared across all apps by that developer on your Apple IOS device.
Cookie ID 
This is a unique identifier made up of a string of characters that websites and servers associate with the browser on which the cookie is stored. 
Cross-Device ID
This ID is a user ID created by using statistical, deterministic and probabilistic algorithms in an attempt to link devices and identifiers belonging to the same user. 
We may collect, use, store and transfer different kinds of personal data about you which we have grouped together as follows:
Location related data
This includes precise GPS-sourced latitude/longitude data and geolocation data derived from IP addresses.. For IP addresses that we have identified as residential, we may link devices seen at the IP address as being potentially in the same household.
Online usage data or “log” data
This includes some data which would be defined as personal data and some which is not. 
Inferred data
We might infer some data about you based on your demographics (e.g., age or gender), browsing behaviour or your location data.  For example, if you regularly go to a sports stadium, we might predict that you are interested in sports, and then show you an ad from one of our clients that sells sporting fashion goods.
",Yes,No,,,0,,,Greg Isbister,CEO Blis,1/30/2026
20240253,"Foursquare Labs, Inc.","50 W 23rd Street, 8th Floor , New York , New York , 10010 , United States",privacy@foursquare.com,https://foursquare.com/,https://foursquare.com/legal/privacy-center/us-state-consumer-privacy-notice/,(800) 673-0117,Adam Star,"Foursquare Labs, Inc. processes and transfers different categories of data, including:
- Contact Data, such as name, email address, phone number;
- Security Credentials & Account Data, such as account ID, user ID, social media username;
- Demographic Data, such as gender, age, country; and
- Geolocation Data.
",No,No,,,0,,"More detailed information about the categories of data that Foursquare Labs, Inc. processes and transfers is available on our Privacy Policy for Consumer Services located at https://foursquare.com/legal/privacy-center/foursquare-privacy-policy-consumer-services/",Adam Star,Senior Privacy Counsel & Global Data Protection Officer,12/2/2025
20240252,"El Toro.com, LLC","552 E Main St , Louisville , KY , 40202 , United States",legal@eltoro.com,www.eltoro.com,https://eltoro.com/your-privacy-choices/,5023530390,Robert Staude,"El Toro may process or transfer the following types of information from a variety of consumer-facing companies and services, data compilers and suppliers, publicly available data, marketing platforms, or from Clients when we perform services for those Clients: personal identifiers, demographic information, commercial or transactional information, employment-related or professional information, information related to unique user behavior, geolocation data, unique individual identifiers, and inferences related to any of these.",No,No,,,0,,,Deanna Durrett,Chief Strategy Officer and General Counsel,11/20/2025
20240251,Uplead LLC,"340 S Lemon Ave Ste 1022 , Walnut , California , 91789 , United States",techteam@uplead.com,www.uplead.com,https://www.uplead.com/privacy,8004934084,Will Cannon,"Uplead collects, curates and makes available information about companies and the professionals within them.  Our customers are businesses that sell to other businesses and they use our platform for their sales, marketing and recruitment efforts.  Uplead profiles business organizations and the executives and professionals who work for those organizations. We may have any or all of the following categories of information, past or current: Name, Company, Office Address, Telephone Number, Email Address, Job Title, Job Function and Responsibilities, Education, Social Media URL.",No,No,,,0,,"The information we include in our database is limited to business information, including a person's name, job title, employer, office address, email address, phone number, similar to information typically included on a business card or a professional profile. ",Will Cannon,CEO,9/2/2025
20240250,"ActivImpact, LLC","6543 S. Las Vegas Blvd., 2nd Floor , Las Vegas , Nevada , 89119 , United States",privacy@activimpact.ai,www.activimpact.ai,https://activimpact.ai/dsar,18889149661,Robert Shantz,"Contact Information and Other Individual Identifiers.  Examples:  name, email address, physical address, telephone number, IP address, mobile ad identifier.

Transactional Information.  Examples:  goods and services purchased or viewed, purchasing, and viewing histories and tendencies.

Demographic Information.  Examples:  age, gender, marital status.  

Inferential Information, meaning inferences drawn from the other types of information described in this Section 4.  Inferences may also be used to predict certain of your characteristics, preferences, predispositions, and behaviors.  

Internet and Other Network Activity Information.  Examples:  browsing histories, search histories, indication of online interests (such as consumer interests) derived from online activity, information on your interaction with a website, application, and/or advertisement.

Mobile Application Data, meaning data described in this Section 4 derived from your interactions with any mobile application owned or controlled by any of our Clients, including, without limitation, the types of information described in Section 3 above and the dates and times the app on your device access our and/or our Clients’ servers.  

General Employment Information.  Examples:  employer information, area of occupation or profession.

Education Information.  Examples:  level of education, professional certifications.

Client-Directed Processing of Information, meaning we may receive information described elsewhere in this Section 4 and/or additional information where expressly directed by Clients. ",Yes,No,,,0,,,Robert Shantz,SVP - Chief Legal Officer,9/16/2025
20240248,RocketReach LLC,"418 Broadway STE N , Albany , New York , 12207 , United States",privacy@rocketreach.co,rocketreach.co,https://rocketreach.co/privacy,8332123828,Brian Hammet,"Individual name
Location
Professional Employment History
Education
Email Address
Phone Numbers
Social Media Profile Links
",Yes,No,,,0,,"To populate our database, we rely on technology that infers email address composition by reviewing publicly available information relevant to the data subject, e.g. of other employees who work for the same company. We also rely on search technology that scans the web and collects publicly available information from third party websites, such as social media sites, corporate websites and public records.  Sometimes, we also obtain data from third parties such as people directories, data brokers, corporate information directories and other entities, or from users of our platform, who have agreed to provide us with access to their address book as part of our Community Program. ",Brian Hammet,DPO,10/1/2025
20240247,"Datasys Group, Inc. ","750 Park of Commerce Drive, Suite 150 , Boca Raton , Florida , 33487 , United States",seth.lubin@datasys.com,datasys.com,https://datasys.com/privacy-policy,9546603556,Seth Lubin,Personal Data,Yes,No,,,0,,,Seth Lubin,General Counsel,10/3/2025
20240246,"Kloudend, Inc.",C828 Sector C Mahanagar Lucknow,legal@kloudend.com,https://ipapi.co/,,4085506507,Namit Kumar,IP Addresses location data,No,No,,,0,,"
The location linked to an IP address is inherently imprecise (near the center of population) and shouldn't be used to identify a particular address or household. Kloudend enables all consumers, including TX residents, to opt out from having their information available for sale on Kloudend's websites. Consumers may contact us at https://ipapi.co/contact/ for any queries.

We are open and transparent about our data processing activities. Our team is regularly available to address and discuss any privacy concerns regarding our services. Our privacy policy is updated regularly and can be accessed at https://ipapi.co/privacy/

Kloudend's agreement with each user prohibits them from, among other things using the services in a manner that: (i) advocates, promotes, otherwise encourages violence or any illegal activities; (ii) infringes or violates the copyright, patent, trademark, service mark, trade name, trade secret, or other intellectual property rights of any party; (iii) attempts to mislead others about your identity or the origin of a message or other communication, or impersonates or otherwise misrepresents your affiliation with any other person or entity, or is otherwise materially false, misleading, or inaccurate; (iv) promotes, solicits or comprises inappropriate, harassing, abusive or otherwise objectionable or unlawful content or activity; (v) is harmful to minors; (vi) utilizes or contains any viruses, Trojan horses, worms, time bombs, or any other similar software, data, or programs that may damage, detrimentally interfere with, surreptitiously intercept, or expropriate any system, data, personal information, or property of another; or (vii) violates any law, statute, ordinance, or regulation (including without limitation the laws and regulations governing export control, unfair competition, anti-discrimination, or false advertising).

Please visit  & https://ipapi.co/terms/ for more information.
",Namit Kumar,President,7/29/2025
20240241,"Cognism, Inc.","33 Arch Street , Boston , Massachusetts , 02110 , United States",legal@cognism.com,www.cognism.com,,16503725001,Elizabeth Rushforth,"The categories of personal data processed include: name, employer, business email address, business
address, contact number, job title, work history, city/state/country of person location, work social profile.",Yes,No,,,0,,,Elizabeth Rushforth,Chief Legal Officer,9/27/2024
20240233,Versar Data Solutions Inc,"7530 164TH AVE NE STE A204 , REDMOND , WA , 98052-7825 , United States",privacy@versium.com,www.versium.com,"https://versium.com/privacy-policy/. , https://versium.com/california-privacy-policy/",18003950164,Dillana Lim,"Identifiers, including direct identifiers, such as name, alias, postal address, unique personal identifier, online identifier, IP address, email address, account name, or other similar
identifiers. Customer records, includes personal information such as name, address, telephone number, education, employment and employment history.  Commercial Information, includes records of personal property, products or services purchased, obtained, or considered, or other purchasing or consuming histories or tendencies.  Usage data, includes browsing history, search history, information on a consumer’s interaction with our Sites or advertisements. Professional Information, includes professional or employment-related information, current or past job history. Inferences, includes inferences drawn from other personal information we collect to create a profile reflecting a person’s preferences, characteristics, psychological trends, predispositions and behavior.",Yes,No,,,0,,Our privacy policies provide access to details on data collection.  https://versium.com/privacy-policy.  We also provide state specific privacy notices for states that require it. ,Dillana Lim,COO,1/26/2026
20240231,"Warmly, Inc.","12 S EUDORA ST , DENVER , CO , 80246-1111 , United States",vendors@warmly.ai,warmly.ai,https://www.warmly.ai/p/do-not-sell-share-my-data,4042931239,Samantha Perkins,"Both the Nametags and Realtime Insights Services include all data (including personally identifiable information (“Personal Data”)), reports, text, images, sounds, video, and content made available through any of the foregoing (collectively referred to as the “Data”) whether stored by Warmly or other third-party vendors with which Warmly contracts. For any Warmly Service that requires software, individual Software-specific terms shall apply in addition to this TOS.

Link to Terms of Service: https://warmly.ai/p/terms-of-service
",Yes,No,,,0,,https://warmly.ai/p/terms-of-service,Max Greenwald,CEO,10/29/2025
20240218,Choreograph LLC ,"175 Greenwich Street , New York , New York , 10007 , United States",privacy@choreograph.com,https://www.choreograph.com/,https://www.choreograph.com/global-privacy-policy/global-privacy-policy-english,00447770965335,Nikkolla Doran,"identifiers (“IDs”): Offline IDs including full name, phone number, telephone number;
transaction and purchase data including product category (e.g., jewellery, apparel, pets, travel, sports) and purchase details (e.g., number of orders, value spent, payment type, method of purchase). We do not collect bank details, credit card details or other financial account level details. We also use modelled transaction data about a consumer’s likelihood or “propensity” to buy a particular brand or product.
device and browser information including type of browser and version, browser language, operating system, and connection type (e.g., wired or Wi-Fi).
online activity information including page URL (or category of page URL), site/page a consumer came from before viewing an advertisement, date and time of online activity, frequency of visits to a site, search terms used on a site, and interaction with an advertisement (e.g., whether you click on an advertisement) as well as the content of the advertisement, and interaction with content on an advertiser or publisher site, including product information stored as a “Product ID”.
demographic information including age, gender, income, marital status, household status, education.
psychographic information including interest, lifestyles, attitudes, personalities.
location data including postal address, IP address (which is converted into country, region, or postcode/zip code level location data) and latitude/longitude data of properties/houses (in the US).
Sensitive data including gender identity, sexual orientation, disability, religion, ethnicity, health data (see below).  Choreograph does not permit sensitive data to be used for targeting or retargeting.
Health data information about health conditions or treatments at an individual level.  Our health data does not include any “protected health information” (PHI) regulated by the Health Insurance Portability and Accountability Act (HIPAA).",No,No,,,0,,,Adam Little,Global CFO,1/13/2026
20240213,Infinite Media Concepts Inc," 190 East Post Road 2nd Floor , White Plains , New York , 10601 , United States",unsubscribe@mailinglists.com,www.mailinglists.com,https://mailinglists.com/about/privacy-policy,9149498300,Steven Sheck,"We are resellers of business to business and consumer data, including UCC data, new business data, new homeowners, and other compiled data.",Yes,No,,,0,,We do not collect or manufacture our own data.  We are resellers of other compilers data,Braden Salas,Marketing Director,1/29/2026
20240209,Complete Mailing Lists LLC,"190 East Post Rd - 2nd Floor , WHITE PLAINS , New York , 10601 , United States",ewoolf@CompleteMailingLists.com,www.completemailinglists.com,https://completemailinglists.com/do-not-sell-my-information,9147713120,Eric Woolf,"We have collected the following categories and specific types of consumer personal information, based on publicly available information: Information that can be used to identify an individual, such as first, last, and middle name; nicknames; aliases; postal addresses; street addresses; email addresses; telephone numbers; professional licensing numbers; NPI numbers (medical specific to providers). Demographic information, such as age, birth date, gender, ZIP code, ethnicity, marital status, household income. Professional or employment-related information, such as business contact information, job titles and professional licensing information.",No,No,,,0,,,Eric Woolf,Managing Partner,6/1/2026
20240207,Complete Medical Lists Inc,"758 Main St , Franconia , New Hampshire , 03580 , United States",tburnell@completemedicallists.com,www.completemedicallists.com,https://www.completemedicallists.com/ccpa.php,6038238042,Tim Burnell,"In the preceding 12 months, we have collected the following categories and specific types of consumer personal information:
- Information that can be used to identify an individual, such as first, last, and middle name; nicknames; aliases; postal addresses; street addresses; IP addresses; email addresses; telephone numbers; professional licensing numbers; NPI numbers (medical specific to providers)
- Commercial information, such as products or services purchased
- Demographic information, such as age, birth date, gender, ZIP code, citizenship, ethnicity, marital status, household income
- Location or geolocation information, to the extent Google Analytics collects such information
- Online activities information, to the extent Google Analytics collects such information
- Professional or employment-related information, such as business contact information, current and past job titles, current and past employer, job history company name, and professional licensing information
- Protected class information under state or federal laws, such as age, gender, and family status
- Education information, such as colleges or universities attended, degrees obtained, and graduation year
- Inferences about or derived from any of the information above that may relate to your preferences or other matters",No,No,,,0,,For a full explanation:  https://www.completemedicallists.com/privacy.php,Tim Burnell,President,5/27/2026
20240192,Data Axle Inc. ,"2451 W Grapevine Mills Circle, #538 , Grapevine , Texas , 76051 , United States",PRIVACYTEAM@DATA-AXLE.COM,https://www.data-axle.com/,https://www.data-axle.com/do-not-sell-my-data/,4028363377,Edward McCormick,"Data Axle receives and handles data from various third parties. The categories of data that Data Axle processes and transfers are:
 
•	Personal and online identifiers (such as first and last name, postal address, telephone number, email address, or unique online identifiers);
•	Characteristics of protected classifications under relevant law (examples: age, marital status, sex);
•	Commercial or transactions information (such as records of personal or real property or products or services purchased, obtained or considered, vehicle information);
•	Internet or other electronic network activity information (such as interactions with a website, email, application, or advertisement);
•	Professional or employment-related information; and
•	Inferences drawn from the above information about your predicted characteristics and preferences.
",Yes,Yes,"Data Axle does not have individual records about children. Records about individual adults who are parents may include attributes about the adults' children as age and gender. This information is gathered from product warranties, web registrations, response cards, magazine subscriptions, and other third-party data. Data Axle allows customers to select for purchase data containing the information of households that have children of specific ages, but we do not output the date of birth of those children. At a household level, Data Axle outputs the presence of a child in a ""bucketed"" age group {0-3, 4-7, 8-12 and 13-17}. A 'Y' indication in any of these fields indicates that there is at least one child in that household age group. ",Data Axle does not collect personal data directly from children and does not have individual records about children. Data Axle does not direct its services at children or market to children. Data Axle will process data deletion or opt-out requests received from or on behalf of children in compliance with applicable law. ,0,,"The information that we handle is mostly collected through relationships Data Axle possesses with other companies such as data suppliers, business partners, data services providers, agencies, and our clients. 
Data Axle may collect or store PI by using cookies, web beacons, and similar technologies. Individuals can unsubscribe from our corporate emails by accessing the ""opt out"" or ""unsubscribe"" link provided in the footer of each email sent. PI can be collected when individuals provide us information through our website, such as to request or download information, sign up for newsletter, event or service, or log in to a service or application we provide. Non-Personal Information may be collected when individuals visit Data Axle's website. 
Please visit our privacy policy at www.data-axle.com/privacy-policy/ for additional information about data collecting practices. ",Edward McCormick,Chief Privacy Officer,12/9/2025
20240187,ZoomInfo Technologies LLC,"330 W Columbia Way, Floor 8 , Vancouver , Washington , 98660 , United States",Privacycompliance@zoominfo.com,www.zoominfo.com,https://www.zoominfo.com/legal/privacy-statement-for-residents-of-specified-states,2407445042,George Jones,"ZoomInfo collects, curates, and makes available to our customers information about companies and the professionals within them. The types of data that we collect and provide to our customers is similar to what is typically included on a business card or resume, and includes name, company, office address, telephone number, email address, job title, job function and responsibilities, education history, employment history, links to articles by, about, or quoting an individual, links to an individual’s social media profiles, and inferences drawn from information we hold about individuals. We also collect and process web browsing data such as Internet Protocol address, browser type, referring/exit pages and URLs, page loads and clicks, domain names, landing pages, pages viewed, time and date of use, and other similar information.",Yes,No,,,0,n/a,,Nicolette Karakos,Privacy Analyst,12/3/2025
20240186,"Datanyze, LLC","330 W Columbia Way, Floor 8 , Vancouver , Washington , 98660 , United States",privacycompliance@zoominfo.com,www.datanyze.com,https://www.datanyze.com/privacy-center,2407445042,George Jones,"Datanyze collects, curates and makes available information about companies and the professionals within them. The types of data that we collect and provide to our customers is similar to what is typically included on a business card or resume, and includes name, company, office address, telephone number, email address, job title, job function and responsibilities, education history, employment history, links to articles by, about, or quoting an individual, links to an individual’s social media profiles, and inferences drawn from information we hold about individuals.",Yes,No,,,0,n/a,,Nicolette Karakos,Privacy Analyst,12/3/2025
20240185,Clickagy LLC,"330 W Columbia Way, Floor 8 , Vancouver , Georgia , 98660 , United States",privacycompliance@zoominfo.com,www.clickagy.com,https://www.clickagy.com/privacy-statement,2407445042,George Jones,"Clickagy collects and shares information for the purposes of creating audience segments to deliver tailored advertising. Clickagy may collect and process the following types of information: personal and online identifiers such as unique cookie identifiers and device advertising identifiers; internet activity information; other information about browsers and devices such as type, version, and settings; non-precise location information; interest and demographic information we create or infer; and hashed email addresses. We may also collect and process non-hashed email addresses, for example, when individuals submit a request to exercise their privacy rights at https://www.clickagy.com/privacy-center in order to fulfill and respond to such requests.",Yes,No,,,0,n/a,,Nicolette Karakos,Privacy Analyst,12/3/2025
20240183,"Peoplefinders, LLC","548 Market St Suite 29296 , San Francisco , California , 94101 , United States",databroker@peoplefinders.com,peoplefinders.com,https://www.peoplefinders.com/about/privacy,8775519688,Sierra Irvin,"Categories of data processed and transferred include identifiers, personal information categories listed in the California Customer Records statute (Cal. Civ. Code § 1798.80(e)), protected classification characteristics under California or federal law, commercial information, internet or other similar network activity, geolocation data, and professional or employment-related information.",No,No,,,0,,"To learn more about Peoplefinder’s information practices, please visit the Privacy Policy, available at https://www.peoplefinders.com/about/privacy. Consumers can opt out of certain processing activities by visiting the ""Do Not Sell My Personal Information"" link on the footer of our website. We do not accept privacy requests received via email.",Sierra Irvin,Compliance Manager,11/21/2025
20240180,"Enformion, LLC","1915 21st St , Sacramento , California , 95811 , United States",databroker@enformion.com,enformion.com,https://www.enformion.com/privacy-policy/,8552813915,Sierra Irvin,"The categories of data we may have processed and transferred include: 
1. Identifiers
•	Examples: Real name, alias, unique personal identifier, online identifier, Internet Protocol (IP) address, email address, account name, or other similar identifiers.
2. Personal Records
•	Real name, signature, alias, postal address, telephone or mobile contact number, unique personal identifier, online identifier, IP address, email address, account name, and other similar identifiers. Some personal information in this category may overlap with other categories.
3. Personal Information as Defined in the California Customer Records Law
•	Name, contact information, education, employment, employment history, financial information, and characteristics of protected classifications under California or federal law, such as gender, age, and marital status.
4. Commercial Information
•	Records of paid account services purchased, obtained, or considered, or other purchasing or consuming histories or tendencies.
5. Internet or Other Electronic Network Activity
•	Browsing history, search history, information on a consumer's interaction with an internet website, application, or advertisement.
6. Geolocation Data
•	Geolocation data, physical location, and approximate device location.
7. Sensory Data
•	Audio, electronic, visual, and similar information, such as images and audio, video, or call recordings created in connection with our business activities.
8. Sensitive Personal Information
•	Social Security Number, driver’s license number, state identification number, passport number, account log-in and password, and precise geolocation information.
9. Professional or Employment Information
•	Job title, work history, and experience.
10. Inferences
•	Inferences drawn from any personal information listed above to create a profile or summary about an individual, such as their preferences and characteristics.
",Yes,No,,,0,N/A,"To learn more about Enformion’s information practices, please visit the Privacy Policy, available at https://www.enformion.com/privacy-policy/. Consumer can opt out of certain processing activities by visiting the “Do Not Sell My Personal Information” link in the footer of Enformion’s website. We do not accept privacy requests received via email.",Sierra Irvin,Compliance Manager,11/21/2025
20240179,Property Reach LP,"5473 Blair Rd, Ste 100, PMB 75659 , Dallas , Texas , 75231 , United States",compliance@propertyreach.com,propertyreach.com,https://www.propertyreach.com/privacy,8775519855,Sierra Irvin,"Categories of data processed and transferred include identifiers, personal information categories listed in the California Customer Records statute (Cal. Civ. Code § 1798.80(e)), protected classification characteristics under California or federal law, commercial information, internet or other similar network activity, and geolocation data.  ",No,No,,,0,N/A,"To learn more about Property Reach LP’s information practices, please visit the Privacy Policy, available at https://www.propertyreach.com/privacy. Consumer can opt out of certain processing activities by visiting the “Do Not Sell My Personal Information” link in the footer of the Property Reach website.  We do not accept privacy requests received via email.",Sierra Irvin,Compliance Manager,11/21/2025
20240175,"Experian Health, Inc. ","720 Cool Springs Blvd, Suite 200 , Franklin  , Tennessee , 37067-2626 , United States",privacy@experian.com,https://www.experian.com/healthcare/,https://www.experian.com/privacy/us-consumer-data-privacy-policy,18332104615,Karen Parker,"Protected Health Information (PHI)
Personal Information (PII)
Sensitive Personal Information",Yes,Yes,"We provide healthcare revenue cycle management and patient engagement solutions. Opt-out policies for PHI, PII, and Sensitive Personal Information are addressed by our data providers."," Experian Health does not collect, use, or disclose personal data from and about a child on the Internet. The PHI, PII and SPI is only used between these entities: Experian Health, our data providers, and our healthcare clients.",0,N/A,Experian Health provides healthcare revenue cycle management and patient engagement solutions. Data for individuals younger than 13 years of age is collected as part of the services/platforms provided to our healthcare clients and used in the provision of the services.  The data is only used between these entities and is considered sensitive data (PHI and PII) and is not exposed or sold to third party entities or organizations.  Opt-out policies for protected health information are addressed by our data providers.,Karen Parker,Compliance Analyst,1/30/2026
20240174,"Whitepages, Inc","2033 6th Ave., Suite 1100 , Seattle , Washington , 98121 , United States",legal@whitepages.com,www.whitepages.com,https://www.whitepages.com/privacy/consumer-rights,2067465409,Nadine Thisselle,"Public records, such as directory contact information previously found in print phone books.",Yes,No,,,0,,,Nadine Thisselle,"VP, Finance & Operations",2/9/2026
20240172,"BeenVerified, LLC","48 West 38th Street, 8th Floor , New York , New York , 10018 , United States",legal@ltvco.com,"beenverified.com, peoplesmart.com, peoplelooker.com, numberguru.com, reversephone.com, neighborwho.com, ownerly.com, bumper.com, moneybot5000.com, famfinder.com",https://www.beenverified.com/svc/optout/search/comprehensive_optouts,3479312725,Greg Hammond,"We maintain a database of publicly available sources of public search information aggregated and organized for visitors' convenience, which users may be able to access (to the extent such data is available) and which may include names, phone numbers, addresses and the like. We do not collect the personal information of minors, consumers' precise geolocation, healthcare data, social security numbers or the like, nor even make available to users' people's full or exact birth dates. ",No,No,,,0,,"Our websites include: beenverified.com, peoplelooker.com, peoplesmart.com, neighborwho.com, ownerly.com, numberguru.com, reversephone.com, bumper.com, moneybot5000.com, famfinder.com, and ltvco.com. The primary method for exercising your privacy rights and/or requesting an opt-out is online via our websites, which users may even do themselves directly via https://www.beenverified.com/svc/optout/search/comprehensive_optouts or by phone or email, all as further specified on each of our sites. Opt-outs apply to ALL activities and sales. Please feel free to contact us with additional questions at 866-885-6480, at privacy@beenverified.com, or at: MSC -- 149098, P.O. Box 105168, Atlanta, GA 30348-5168.",Greg Hammond,"Sr. Counsel, Sr. Director of Compliance",2/26/2026
20240169,"Valassis Communications, Inc., an RRD Company","227 W MONROE ST , CHICAGO , IL , 60606-5001 , United States",valassisprivacy.request@rrd.com,rrd.com,https://www.rrd.com/privacy-policy/valassis,6303226000,Joseph Schmidt,"For website use, we may collect/process: Log Data, which may include IP address, etc.; Cookie or Pixel Data: data collected via cookies, pixel tags, or other local storage provided by your browser or associated applications or similar technologies; Device and Usage Information, including: type of device, operating system, device settings, unique device identifiers, crash data, online identifier/browser fingerprint, domain name, browser type, mobile services provider, MAC address, geospatial information, applications installed, searches and web pages viewed, access date and time, referring website address, and website address of the web page you visit next. For marketing solution purposes, we may collect/process: Information about your browsers and devices, including: your browser type, browser language, device type, IP Address, Internet Service Provider, user agent string, operating system, mobile carrier, imprecise location (e.g., zip code), and identifiers assigned to your browser or device, such as MAIDs, or statistical identifiers that allow us to recognize your device, and related inferences; Usage Data: information and related inferences about your web browsing and application usage, including the date and time your browser or device accesses websites and applications, the specific pages accessed, the names or types of mobile applications accessed, actions taken on the page, conversions or transactions, advertisements viewed, and advertisements clicked; precise and imprecise device geolocation data; identifiers (e.g., name, address); customer records; demographics (e.g., age, marital status, race, ethnicity, religion, gender); commercial information and economic indicators (e.g., products purchased, income range); professional or employment-related information; education information; health information (e.g., interests or neighborhood-level scoring); inferences, such as product preferences; other marketing-related information such as household size, etc.",Yes,No,,,0,No consumers were affected by the breach. ,"For additional information about our data collection practices, please review our Privacy Policy, available at: https://www.rrd.com/privacy-policy/valassis ",Erin Wiggins,Chief Compliance Officer,1/7/2026
20240168,"Nexxa Group, Inc.","15841 Portofino Springs Blvd , Fort Myers , Florida , 33908 , United States",consumerchoice@nexxagroup.com,www.nexxagroup.com,https://www.nexxagroup.com/corporate-overview/consumer-opt-out/,8005661895,Holly  Paulus,"Publicly available information and Personal data provided from third parties, Personal identifiers may include  name, postal address, email address and telephone number. Aggregated data - information compiled into data summaries.",Yes,No,,,0,,"We are a third party processor, who obtains first party data from our clients to process and also obtains data from third parties which is distributed to other third parties on behalf of our clients.",Holly K Paulus,CEO,10/8/2025
20240167,PropertyRadar Inc.,"12242 Business Park Dr STE 20 , Truckee , California , 96160 , United States",privacy@propertyradar.com,www.propertyradar.com,https://www.propertyradar.com/privacy-policy,5305508801,Sean O'Toole,"The categories of personal information collected depend on how consumers interact with us, our Services, and the requirements of applicable law.  PropertyRadar provides public records based data to real estate centric businesses and government agencies for marketing and research purposes.  The majority of the data is lawfully made available from federal/state/local government records, though we do append certain personal info licensed from other data brokers. This data includes demographic, phone, email, and similar information gathered from public and self-reported sources.  

Categories of data may include info from account creation, subscriptions, subscriber content, communications, pubic communities and content, promotional activities, user feedback and surveys, conferences/trade shows/events, business development and strategic partnerships, job applications and recruiting, internet devices, cookies/tags/web beacons, advertising, social media, verification providers, and other sources.",No,No,,,0,,"PropertyRadar provides public records based data to real estate centric businesses and government agencies for marketing and research purposes.  The majority of the data is lawfully made available from federal/state/local government records, though we do append certain personal info licensed from other data brokers. This data includes demographic, phone, email, and similar information gathered from public and self-reported sources. Consumers may find full, detailed information and learn more at www.propertyradar.com/privacy-policy",Sean O'Toole,Founder,11/5/2025
20240166,AnalyticsIQ Inc,"6 Concourse Parkway , Atlanta , Georgia , 30328 , United States",privacy@analyticsiq.com,analyticsiq.com,https://analytics-iq.com/privacy-policy/,8886124309,Robert Nosari,"AIQ data is primarily sourced from publicly available data sources:
Data Categories include:
Consumer and Business Name and Address
Demographic Information
Real Estate Information/Homeowner Information
Purchase Behaviors and Lifestyle Interests
Household Information
Census Information

",No,No,,,0,n/a,,Robert Nosari,VP of Information Services,11/10/2025
20240165,"Datamentors, LLC ","2319 OAK MYRTLE LN , WESLEY CHAPEL , FL , 33544-6329 , United States",lchiodo@porchgroupmedia.com,www.porchgroupmedia.com,https://datarightsrequest.porchgroupmedia.com/,6304135323,Linda Chiodo,"We are a B2B business that provides clients with marketing data products and services using data that we obtain from publicly available information, third-party marketing data providers and other third-party data sources as well as collect data when consumers interact with us via phone, chat, SMS, social media and access and use of our websites and those of our parent company and subsidiaries. We collect name, address, phone, email address, demographics, hobby or interest data, property and auto data.",Yes,No,,,0,,DBA names include Porch Group Media and PGM Solutions,Linda Chiodo,Finance Group Leader,1/16/2026
20240162,"Seamless Contacts, Inc.","7652 SAWMILL RD PMB 341 , DUBLIN , OH , 43016-9296 , United States",privacy@seamlessleads.com,https://www.seamless.ai/,https://preferences.seamless.ai/,8559533265,Mehmet Munur,"Seamless.AI generally collects business contact information, such as name, email address, office phone number, office address, and employer name.",Yes,No,,,0,0,"You may read more about Seamless.AI’s privacy practices in its Privacy Policy (available at https://seamless.ai/policies/privacy-policy) and State Consumer Privacy Policy (available at https://seamless.ai/policies/state-consumer-policy).

Seamless Contacts, Inc. does business as Seamless.AI or Seamless AI. ",Mehmet Munur,Attorney,1/12/2026
20240161,"Epsilon Data Management, LLC","11030 Circle Point Road, Suite 110 , Westminster , Colorado , 80020 , United States",ruby.ashkanani@publicisresources.com,www.epsilon.com,https://legal.epsilon.com/dsr/,9703243000,Ruby Ashkanani,"Identifiers; Commercial, financial and transactional Information; Demographics; Preferences or attitudes; Internet or electronic network activity; Professional and employment information; Household information; Health data; Political and philosophical beliefs; Race/ethnicity",Yes,No,,,0,,"Epsilon creates its data sets from  a combination of three sources: (1) publicly available records, (2) opt-in consent consumer surveys via its division Shoppers Voice, and (3) data brokers.  Epsilon maintains a Know Your Vendor (Data Broker) process to evaluate the providers of personal data to Epsilon.  Please see Epsilon's online privacy notice for more information at https://legal.epsilon.com/us/NA-products-privacy-policy

Additionally, Epsilon offers consumers privacy rights such as opt-out of processing, deletion, and access which can be made via Epsilon's online portal found at https://legal.epsilon.com/dsr/ or by calling (866) 267-3861.  ",Ruby Patricia Ashkanani,"Manager, Contract Administration",10/14/2025
20240160,"Cuebiq Group, LLC","1460 Broadway , New York , New York , 10036 , United States",privacy@cuebiq.com,www.cuebiq.com,https://cuebiq.com/privacy-request/,6469146384,Gerald Smith,"Categories of Personal Information collected, sold, or shared in the past 12 months: Identifiers, Geolocation Data, Internet or other electronic network activity and information, Inferences drawn from Personal Information, Professional or Employment Related Information (This information is only collected or shared)

IP address
Geolocation and proximity of your device if location services are enabled on your device and consent has been provided to the App to access those services
Unique device identifiers such as advertising IDs (Google Advertiser ID or IDFA) – collectively referred to as “Mobile Ad ID”, vendor IDs and/or a pixel identifier
Event information about your device, such as crashes, system activity, and hardware settings
System configuration information
Time and date information
Dwell time at or near points of interest the device’s location services
Other device movement information such as acceleration or altitude",Yes,No,,,0,n/a,"For additional information on our privacy practices, please visit our Privacy Center: https://www.cuebiq.com/about/privacy-commitment/
",Gerald Smith,General Counsel,12/30/2025
20240159,"Lusha Systems, Inc.","800 Boylston Street, Suite 1410 , Boston , Massachusetts , 02199 , United States",legal@lusha.com,https://www.lusha.com/,https://www.lusha.com/privacy-center/request-removal/,7138154097,Judi Crimmins,"The information we include in our database is limited to business information only (i.e. a person's name, job title, company, business address, business email address, and business phone number) similar to information typically included on a business card or a professional profile. No sensitive information is collected, processed, shared or sold. ",Yes,No,,,0,N/A,"- Crawling the WWW for publicly available business information
- Purchasing data from other data vendors that crawl the web
- Email guessing (based on corporate email patterns)
- Data contribution of Lusha's community members ",Judi Crimmins,Senior Compliance Manager,11/5/2025
20240158,"Aristotle International, Inc.","205 Pennsylvania Ave., SE , Washington , DC , 20003 , United States",info@aristotle.com,www.aristotle.com,,2025438345,David Mason,"Name, address, email, phone number, consumer preferences, demographic characteristics, issue interests, residence type, home value, voter data (use restricted per Sec 18.066 of Texas Election Code), age (may be inferred), education level, gender, income and net worth (by category, inferred), auto ownership, recent address changes",Yes,No,,,0,no breaches,"Aristotle requires our data sources to certify that they have collected data permissibly, with consumer consent where required. We vet our data sources to ensure they are reputable and reliable as to their assurances. Aristotle requires data recipients to comply with all applicable laws and data use restrictions and to store data securely. Use restrictions for restricted data are stated specifically in contracts. Aristotle investigates potential data recipients to ensure that they are reputable and, for restricted data categories such as voter data, that they are eligible recipients (such as campaigns and political parties).",David M. Mason,General Counsel,1/13/2025
20240157,DataDojo CDP Inc.,"6929 N. Hayden Rd. , Scottsdale , Arizona , 85250 , United States",contact@datadojo.ai,https://datadojo.ai,,8336323656,Tom Furukawa,"Identifiers: IP addresses, email addresses, first name, age range, gender, city/state. 
Internet or electronic network activity information: information regarding a consumer's interaction with a website, application, including cookies, mobile identifiers, IP address, and other custom online identifiers.",No,No,,,0,,None.,Tom Furukawa,President & CTO,2/3/2025
20240156,"EAB Global, Inc","2445 M ST NW , WASHINGTON , DC , 20037-1435 , United States",legal@eab.com,www.eab.com,https://eab.com/privacy-policy/,2027471000,Ethan Nash,"High school students 16 years old and older may express interest on EAB-hosted websites about particular higher education institutions that they wish to attend. EAB provides services to higher education institutions, which include the provision of names of individuals interested in receiving recruiting communications from such institutions. Individuals may opt out of any campaign at any time. Additional information includes:

•	Contact Information, such as name, postal address, email address and phone number
•	Education information, such as your degree and grades; and places, dates and levels of study
•	Information regarding your personal or professional interests; demographics, such as gender, race, ethnicity, veteran status, disability status, socio-economic status, disadvantage, and religion; date of birth; and experiences with our products and contact preferences
•	Location data, such as data derived from your IP address, country and/or zip code
•	Clickstream data and other information about your online activities (such as information about your devices, browsing actions, actions you take on our services and usage patterns), including across our services and third-party websites, that we obtain through the use of cookies and similar technologies",Yes,No,,,0,,,Ethan Nash,Legal Support Specialist,2/12/2026
20240155,"Path2Response, LLC","390 Interlocken Crescent , Broomfield , Colorado , 80021 , United States",legal@path2response.com,www.path2response.com,https://privacyportal-cdn.onetrust.com/dsarwebform/2de26f06-de6f-45a7-8e1d-7d1148a3f301/draft/7a5dc7d1-cc7e-43a8-9f24-702807deb65b.html,3039277733,Thomas Besore,"Identifiers (Name and Address; Hashed Email Addresses) 
Commercial or Transactions Information (product category or services purchased; purchasing or donation histories or tendencies; records of personal property) 
Demographic Information (age, gender marital status) 
Inference about buying preferences or characteristics (wealth rating, median income, inferred credit ranges)
Internet or Network Activity Information (browsing history, online activity data such as time on site, number of pages visited and referring URL; device data such as IP address, computer or mobile device operating system type and version number, manufacturer and model, browser type, screen resolution, unique online identifiers and general location information such as city, state, or geographic area.)
",Yes,No,,,0,Not applicable,None,Thomas Besore,General Counsel,9/8/2025
20240153,"Samba TV, Inc.","118 King Street , San Francisco , California , 94107 , United States",jagdip.sekhon@samba.tv,https://www.samba.tv/,https://www.samba.tv/users/your-privacy-handbook#7,4152336893,Jagdip Sekhon,Samba TV collects and processes viewership and device information from televisions featuring our Interactive TV application. Samba uses this information to create consumer household profiles based on the program content viewed and ad exposure. Samba TV then creates audience segments that we sell to advertisers to target consumers based on their viewership history and measure the performance of ad campaigns.,Yes,No,,,0,,Samba TV has no additional information we would like to add at this time.,Jagdip Sekhon,Director of Data Governance,10/26/2025
20240149,Merkle Inc,"7001 Columbia Gateway Drive , Columbia , Maryland , 21046 , United States",americas.dpo@dentsu.com,www.merkle.com ,https://www.merkle.com/en/privacy-policy/data-product-privacy-notice.html,5085732311,David Yonchak,"(a) Name
(b) Email address
(c) Phone number
(d) Mailing address
(e) General location (Identifiers: personal data; professional or employment related information) 
(f) Commercial and Preference Information (responses to surveys, details of your attendance at our events, interest in our services, information about our contact history with you and your other transactions and preferences)
(g) Technical and usage (identifiers: personal data, such as IP address, device identifiers, internet or other similar network activity)",Yes,No,,,1,"No Consumers effected - like most large organizations today, we’ve had to investigate unusual activity on our network on a few occasions. In this case, once the unusual activity was identified, we were generally able to quickly take action to respond by initiating our incident response protocols so we could immediately contain and address the issue.","We enable individuals to opt-out of certain uses of their personal data.  These options include: (1) firing our tag to set an opt-out cookie on the browser record, and (2) providing sufficient personal data to recognize the individual and record their election.  These choices do not affect marketing which is not based on individuals’ personal data.  More information and options for individuals to exercise their personal data rights may be found on our privacy policy site at https://www.merkle.com/en/privacy-policy.html.",David Barjon,Data Protection Manager,10/6/2025
20240147,ATTOM Data Solutions LLC,"530 Technology, Suite 100 , Irvine , California , 92618 , United States",jo.bergstrom@attomdata.com,attomdata.com,https://www.attomdata.com/privacy/,9495028300,Jo Bergstrom,"Property Data
Market Analytics
Real Estate Valuation
Foreclosure Data
Neighborhood/School Data",No,No,,,0,,,Jo Ellen Bergstrom,VP Data Acquisition,12/11/2025
20240145,"The Alesco Group, L.L.C.","4575 Via Royale Su 110 , Fort Myers , Florida , 33919 , United States",steve@alescodata.com,https://alescodata.com,https://mydataprivacy.com/upload-csv,12392777529,STEVE BELL,"Digital goods that are mailing lists that are transferred to the customer through electronic means only. Consumer elements to the extent that the law allows (credit data, cell phone numbers, emails, etc...). ",Yes,No,,,0,,"We also have Opt out notifications. See below per our website. 

https://alescodata.com/do-not-sell-my-personal-information/
Do Not Sell My Personal Information - Alesco Data
If you are a resident of certain states, you have the ability to opt out of the ""sale"" or ""sharing"" of your personal information.",Steve Bell,CAO,12/11/2025
20240142,"Blackbaud, Inc. ","65 Fairchild St.  , Charleston , South Carolina , 29492 , United States",privacy@blackbaud.com,https://www.blackbaud.com/,https://www.blackbaud.com/company/data-subject-rights-request,8436543256,Carrie Cobb,"•	Personal and Online Identifiers: Name; alias; postal address; email address; or similar identifiers.
•	Categories of personal information described in Cal. Civ. Code § 1798.80(e) and § 1798.140(v)(1): Physical characteristics or description; Telephone number
•	Commercial or transactions information: Examples include records of personal property, products or services purchased, obtained, or considered, or other purchasing or consuming histories or tendencies.
•	Internet or other electronic network activity information: Examples include online interests, such as information about categories of consumer interests derived from online usage; and information on a consumer’s interaction with a website, application, or advertisement.
•	Professional or employment-related information: Examples include current or past job history.
•	Inferences about your predicted characteristics and preferences: Examples include inferences drawn to create a profile about you reflecting your preferences, characteristics, behavior, attitudes; and median age, wealth rating and median income.
•	Other information about you that is linked to the personal information above: Examples include any personal information not captured by one of the enumerated categories of personal information listed above that may be linked to the personal information above. 
",Yes,No,,,0,,,Carrie Cobb,Chief Data Officer,10/27/2025
20240138,"Compact Information Systems, LLC dba HomeData","12901 MCGREGOR BLVD , FORT MYERS , FL , 33919-4587 , United States",privacy.compliance@deepsync.com,https://deepsync.com/homedata/,https://deepsync.com/privacy-policy/,8003717080,Tanner Creech,"Consumer Information such as Name, Address and Email address.",Yes,No,,,0,,Consumers can visit https://deepsync.com/privacy-policy/ and review our Privacy Policy for additional details.,Tanner Creech,Corporate Counsel,12/1/2025
20240137,"Compact Information Systems, LLC d/b/a Deep Sync","12901 MCGREGOR BLVD , FORT MYERS , FL , 33919-4587 , United States",privacy.compliance@deepsync.com,https://deepsync.com/,https://deepsync.com/privacy-policy/,8003717080,Tanner Creech,"Business Contact information such as Name, Company name and Job Title. Consumer information such as Name, Address and email address. Student information such as Name, Address and college interests.",Yes,No,,,0,,Consumers can visit https://deepsync.com/ and review our Privacy Policy for additional details.,Tanner Creech,Corporate Counsel,12/1/2025
20240136,"ASL Marketing, a Deep Sync Property","PO Box 61557 , FORT MYERS , FL , 33906-1557 , United States",privacy.compliance@deepsync.com,https://deepsync.com/student-marketing-data/,https://deepsync.com/privacy-policy/,8003717080,Tanner Creech,"Consumer information such as Name, Address and Email address.  Student information such as Name, Address and college interests.",Yes,No,,,0,,Consumers can visit https://deepsync.com/privacy-policy/ and review our Privacy Policy for additional details.,Tanner Creech,Corporate Counsel,1/12/2026
20240134,"Alliant Cooperative Data Solutions, LLC","301 Fields Ln , Brewster , New York , 10509 , United States",compliance@alliantdata.com,https://alliantinsight.com/,https://alliantinsight.com/alliant-privacy-policy/,(845) 617-5500,Mitchell Eisenberg,Personal information including name and address for marketing purposes. ,Yes,No,,,0,,,Mitchell Eisenberg,SVP General Counsel and Data Compliance Officer ,11/12/2025
20240133,"AccuData Integrated Marketing, Inc.","12901 McGregor Blvd., Suite 1A , Fort Myers , Florida , 33919 , United States",privacy.compliance@accudata.com,www.accudata.com,https://deepsync.com/privacy-policy/,8003717080,Tanner Creech,"Business Contact Information such as Name, Company name and Job Title. Consumer information such as Name, Address and Email address. Student Information such as Name, Address and college interests.",Yes,No,,,0,,Consumers can visit www.accudata.com and review our Privacy Policy for additional details.,Tanner Creech,Corporate Counsel,12/1/2025
20240128,eMerges.com Inc.,"212 Prince George St. , Annapolis , Maryland , 21401 , United States",Shawn.Harmon@eMerges.com,www.eMerges.com,https://www.emerges.com/Government-Record-Opt-Out_ep_51-1.html,4103536894,Shawn Harmon,"Government records such as: watercraft, aircraft, ATV, snowmobile and voter registrations, hunting, pilot and fishing licenses, census resident extracts and political campaign contributors nearly all directly compiled from town, county, state and federal government sources.

Each government record may inlcude some or all of the following:

name
address
political party
email
boat, ATV snowmobile or aircraft ownership information
registration dates
voting history partcipation
self reported phone(s)
age information
congressional, state senate and state house districts

To be clear, eMerges compiles government records directly (with a few exceptions) from the source town, county, state of federal entity. eMerges scubs the source data and migrates it into a standard format target layout that enables easy ingestion by its clients but eMerges does not append outside demographic data points to the source government data. eMerges essentially captures and preserves the raw snapshot format of the raw source data
",No,No,,,0,,"Government records to inlcude but may not be limited to:

Political campaign contributors (aka Kahuna's) pilot, hunting and fishing licenses and permits
watercraft, snowmobile, ATV, registered voter and aircraft registrations. 

eMerges compiles government records. The categories of government data include the complete government record with name, address, sometimes political party, sometimes gender or birth date information, registration date, sometimes indicators of boat or aircraft ownership, pilot license, or hunting and fishing permits. Voting participation indicators, political subdivisions. 

We remove any person under 18, suppress anyone with a California address, suppress anyone with a non US address, anyone who requests that we remove their name at our web site Opt Out page - 

https://www.emerges.com/Government-Record-Opt-Out_ep_51-1.html  

We remove anyone that is a NJ Daniels Law 'covered person' or a person with the same last name and at the same address as a NJ Daniels Law covered person.
",Shawn J. Harmon,ceo,10/14/2025
20240127,"Wiland, Inc.","7420 E. Dry Creek Parkway , Niwot , Colorado , 80503 , United States",privacy@wiland.com,www.wiland.com,,3034858686,Mary Edquist,"Wiland processes and transfers the following categories of personal information: Identifiers (e.g. name; alias; postal address; online identifiers; IP address; email address; telephone number, account name; government-issued identifier); characteristics of protected classifications under Texas or federal law (e.g. sex/gender, marital status, etc.); commercial or transactions information (e.g., records of products or services purchased, obtained, or considered, or other purchasing or consuming histories or tendencies); internet or other electronic network activity information (e.g., information on a person’s interaction with a website, email, application, or advertisement); professional or employment-related information (e.g., job title or current or past job history); and inferences about your predicted characteristics and preferences (e.g., inferences reflecting products or services an individual might consider or personal interests).",Yes,No,,,0,,"We use consumer data for the purpose of creating products and services intended to help consumers receive relevant marketing offers and to reduce marketing waste and unwanted advertising. We require our clients to use our products only for marketing related activities, and not for sensitive decisions like credit, employment or housing.  We don’t possess or utilize highly sensitive data like credit card or bank account numbers, Social Security Numbers or protected health information (aka “HIPAA data”). We don’t release information to third parties concerning specific items that a consumer has purchased, what magazines they read, or what charities they support unless requested by the organization with whom the consumer has a relationship.

We care about consumer privacy, and have provided a form on our website at wiland.com/privacy-choices for consumers to opt-out of our marketing products and services.  We believe in honoring consumers’ privacy choices, which are typically relayed by the consumer in question. In some cases we may accept opt-out requests on behalf of immediate family. With appropriate documentation, we will accept opt-out requests submitted by authorized third parties. ",Mary Edquist,Chief Legal Officer,2/20/2025
20240126,FIRST ORION CORP.,"520 Main St, Ste 400 , North Little Rock , Arkansas , 72114 , United States",cdenton@firstorion.com,www.firstorion.com,https://firstorion.com/legal/,5013589391,Sam Baxter,"First Orion's products and services include various features and functionality to tell who is calling and why, identify and block likely scammers, and provide enhanced information that can be displayed on your device. Our Call Knowledge Suite helps companies verify who that phone number belongs to, what type of device it is, and whether a number is in service. Personal information collected on the First Orion website will help us deliver a better user experience. This could include a name, mailing address, phone number, email, and IP address.  ",Yes,No,,,0,,,Sam Baxter,Chief Legal Officer,1/15/2026
20240116,"RealSource, Inc","8N980 Dittman Rd , Elgin , Illinois , 60124 , United States",karolyn@realsourcedata.com,www.realsourcedata.com,https://www.realsourcedata.com/privacy-policy,6302081835,Karolyn Tincher,"General Consumer Data
Auto Data
Property Data",Yes,No,,,0,,"RealSource, Inc has been in business since 2004 and our owners have been in the data/marketing industry for a combined 80 years. ",Karolyn Tincher,CFO,2/24/2026
20240115,Focus USA. Inc,"PO Box 1782 , Paramus , New Jersey , 07653 , United States",johnf@focus-usa.com,htttps://www.focus-usa.com,https://www.focus-usa.com/consumer-rights-privacy-notice/,2014892525,John Fleming,"Categories of Consumer Data You Process & Transfer
1. Demographic Data
Age & Date of Birth
Marital Status
Household Composition
Education
Occupation
Income / Wealth indicators
Veteran/Military status
Boomers & Seniors (age cohort tagging)

 2. Behavioral / Life Event Data
New Movers & New Homeowners / Pre-Movers
Life Trigger Events (e.g., newly married, new parents, recent college grads)
Online Consumers (behavioral flags)
In-Market Signals (like “in market for auto”)
Interest & Hobbies segments
Health & Fitness, Diet & Weight Loss, Beauty segments
Hobbies & Interests (sports, outdoors, etc.)

3. Special Consumer Segments
Donors – Non-Profit & Political Donors
Financial & Insurance prospects
Shoppers & Purchase Behavior indicators
Online & Catalog Shoppers
Credit Card Seekers
Job Seekers
Farmers & Ranchers
Consumers by specific interests like music, travel, pets, etc.",No,No,,,0,,,John Fleming,"CVP, Operations",2/27/2026
20240113,CTAM LeadShare Corp,"145 Fleet St, #181 , Oxon Hill , Maryland , 20745 , United States",zell@ctam.com,www.smartmove.us,www.smartmove.us,3014858933,Zell Murphy,"We collect information about you that is provided by you to us or a Cable Service Provider, such as your residential address to determine which cable operator provides service to the address provided.  ",No,No,,,0,,"Information Collected About You
We collect information about you that is provided by you to us or a Cable Service Provider, such as your home address that is used to determine which cable providers provide service to that address . On those pages of the Website where Information is collected in order for you to purchase or request further information about a product or service, we describe what information is required in order to provide you with the product, service or information that you have requested. We do not knowingly collect information from children under 13. If a Service Provider requires a birth date to order a specific product or service, you may not be able to enter a birth date that indicates that you are less than 13 years old. We collect Information when you:

Become authorized to use the Website
Purchase a product or service
Request further information regarding a product or service
Disconnect a service
Contact us",Zell Murphy,Chief Financial Officer,11/10/2025
20240106,"Disqus, Inc.","3 Park Ave., 33rd Floor , New York, NY , New York , 10016 , United States",bhayes@zetaglobal.com,www.disqus.com,https://privacyportal-cdn.onetrust.com/dsarwebform/bc2d3301-11a5-4de5-b15e-ce796187a352/9a049fa1-37af-4598-a87a-d0df2e2d904b.html,2023687202,Ben Hayes,"Disqus is a suite of publisher engagement tools, most prominently including a comment widget that website publishers can deploy at their sites to enable site visitors to comment.  All Disqus commenters must register with their email address, and in the U.S. registration includes providing consent for data to be used for marketing purposes.  Disqus also places cookies on the browsers of visitors to web pages where the comment widget is deployed, and via cookie matching the page view data collected by the Disqus cookies is merged with other data collected by Zeta Global, Disqus's parent company.  Disqus may also analyze the content of comments made by its registered users and enable Zeta Global to use this data to infer purchase interest or intent, which is in turn used to inform marketing decisions.  Disqus also shares data (typically a hashed email address) about its registered users with selected website publishers.  ",Yes,No,,,0,,"Disqus is a wholly-owned subsidiary of Zeta Global Corp., and falls under Zeta's privacy compliance program (which is described in the separate registration for Zeta Global Corp.).  Disqus is administered as a stand-alone brand, however, with its own privacy policy and mechanisms for enabling data subjects to exercise their privacy rights.  ",Benjamin Hayes,Chief Privacy Officer,4/21/2026
20240104,"CareerBuilder, LLC","200 N. LaSalle Street, #900#900 , Chicago , Illinois , 60601 , United States",risk-and-compliance@careerbuilder.com,www.careerbuilder.com,,8008918800,Mark Pacioni,"Analytics & Automatically Collected Data
Browsing Information
Commercial Information
Contact Information
Education & Skills
Employment Information
Financial Information
Geolocation Information
Government Identifiers
Habits & Personality Information
Personal Identification
Professional Experience & Affiliations
Profiles, Inferences, & Generated Data
Sensory & Electronic Information
Social Media Data
User Account Information",Yes,No,,,0,,"Millions of job seekers, recruiters, and employers trust CareerBuilder to help them connect. We also want you to trust our data privacy and security practices that make those connections possible. CareerBuilder, LLC, and its subsidiaries, and divisions, including CareerBuilder Government Solutions and CareerBuilder Canada Co. provide a Privacy Policy in order to be transparent about our data privacy and security practices. This Privacy Policy is available at https://www.careerbuilder.com/privacy_policy",Sheri Davis,Assistant General Counsel,3/22/2025
20240102,"TechTarget, Inc.","275 Grove Street , Newton , Massachusetts , 02466 , United States",legal@techtarget.com,www.informatechtarget.com,"https://www.informatechtarget.com/privacy-policy/#contact:~:text=Us%E2%80%9D%20section%20below.-,23.%20Contact%20Us,-If%20you%20wish",6174319200,Charles Rennick,"Generally, the personal data we collect is the type of information typically included on a business card, including your name, job title, email address, phone number, business name and address. We may collect other information as well such as the type of industry you are in, the size of your company, and your job function. We also collect personal and professional information from third parties which we combine with your data to enhance and supplement our records, to ensure it remains accurate, and to help personalize the delivery of our services.",No,No,,,0,,"A  consumer may elect to opt out of all data collection, databases, or sales activities at any time. The Company may retain certain information regarding consumers, who have opted-out, for legitimate business purposes including for the purposes of honoring their opt-out request, ongoing auditing and compliance, and suppression purposes. The Company operates in the B2B sector and provides a list of clients that may receive consumer information on its website. When the Company enters into agreements with its clients referencing its standard terms, clients agree to use the information for specific and well-defined business purposes; further, the standard terms include data protection provisions that require, among other things, both parties to maintain appropriate technical and organizational measures to protect information. Individuals can opt-out of the Company’s databases by, among other mechanisms, emailing the Company at privacy@techtarget.com, calling us at (617) 431-9200. Additional information regarding our data collection practices may be found in our Privacy Policy located at https://www.informatechtarget.com/privacy-policy. To access the form to exercise your rights, please use this link: https://techtarget.zendesk.com/hc/en-us/requests/new?ticket_form_id=360004846253",Charles D. Rennick,"VP, General Counsel ",3/19/2026
20240101,Azerion US Inc.,"One World Trade Center, 285 Fulton St, 46th FLR – Suite J, New York, NY 10007 , New York City , New York , 10007 , United States",dpo_hybridtheory@azerion.com,azerion.com,,31207602040,Deniz Karagoz,"Browsing history
IP Address
Unique Cookie identifier (ID)
Geolocation data (lat/long and geolocation derived from IP address on a zip code level)
Device Identifier (such as Apple IDFA or Google Advertising ID)
Device and browser information (operating system, browser type, browser version, screen resolution), Timestamp (date and time)
Audience segment (interest groups associated with the end-user)
",No,No,,,0,,"Privacy notice: https://www.hybridtheory.com/privacy-notice/
Opt-out link: https://www.hybridtheory.com/opt-out/

Please note that opt-out requests can only be completed from the opt-out link due to cookies being files that are stored locally on your personal device and they cannot be remotely removed. 

For requests of deletion of your personal data, please share your cookie ID in your email (if available, your cookie ID can be found next to the section “You are currently Opted-In with cookie ID …” within the Opt-Out link shared above)",Deniz Karagoz,Data Protection Officer,4/3/2025
20240096,US Data Corporation,"5115 Clareton Dr., #210 , Agoura Hills , California , 91301 , United States",privacy@usdatacorporation.com,www.usdatacorporation.com,https://www.usdatacorporation.com/do-not-sell-my-info/,8184444590,Angi Bradley,"Data derived from publicly available sources of information as well as self reported sources of information comprising name, postal address, email address, telephone number(s), age, home ownership status, income, hobbies, interests, pets, and vehicle(s)",Yes,No,,,0,,,Erich Kaminsky,President,1/22/2026
20240094,"PlaceIQ, Inc. ","1700 District Ave #300 , Burlington , Massachusetts , 01803 , United States",PlaceIQ.Privacy@precisely.com,www.precisely.com,https://www.precisely.com/your-privacy-choices/,2015768960,Susan Fletcher,"Identifiers, such as name, postal address, contact details, email address, IP address, online identifiers or personal preferences.

Commercial Information, such as products or services purchased or obtained or considered

Internet or other electronic network activity information, such as browsing history, search history or information regarding interaction with a website or advertisement

Geolocation data, such as city, state or country associated with your IP address, or the location associated with your device

Professional or Employment related information, such as business contact details, job title or employer
Audio, electronic, visual, thermal, olfactory or similar information

Sensitive Personal Information, such as information that may qualify as precise geolocation data

Inferences drawn from the categories of personal information listed above, and other information we may collect or receive, to create a profile about a consumer reflecting the consumer’s preferences, characteristics, psychological trends, predispositions, behavior, attitudes, intelligence, abilities, and aptitudes.",Yes,No,,,0,,PlaceIQ is committed to protecting privacy and safeguarding personal data. Please visit: https://www.precisely.com/legal/placeiq-product-privacy-notice to read our Product Privacy Notice and learn about our privacy practices.,Susan Fletcher,Chief Privacy Officer,1/6/2026
20240093,"MaxMind, Inc.","51 Pleasant St. #1020 , Malden , Massachusetts , 02148 , United States",tgonzalez@maxmind.com,https://www.maxmind.com,https://www.maxmind.com/en/privacy-policy,6175004493,Tawa Gonzalez,"For GeoIP2 Web Services and GeoLite2 Web Service: IP Addresses

For minFraud Service: Categories of personal data transferred may include, but are not limited to IP address, network, postal code level or less precise level geolocation data, name and email address.",Yes,No,,,0,,,Tawa Gonzalez,Director of Information Security,3/2/2026
20240092,"Stirista, LLC","777 E Sonterra blvd. #225 , San Antonio , Texas , 78258 , United States",privacy@stirista.com,stirista.com,https://unsubscribe.stirista.com/,2102930029,Hannah  Jones,"Depending on the consumer (and depending on whether the consumer is a client of ours or a member of the public with whom we lack a direct relationship), we may disclose the following categories of information for such purposes which may be considered a sale (as defined by applicable law):

identifiers, interests and demographics;
inferenced data, such as whether you may be likely to purchase certain goods in the near future, or information about your demographics (e.g., estimated age or income range).
To opt out of this type of sale, please go to https://unsubscribe.stirista.com/ and follow the instructions on that web page.",Yes,No,,,0,,"Please review out outward facing privacy policy. 

https://www.stirista.com/privacy-policy/",Hannah Jones,Data Business Analyst ,11/12/2025
20240090,"Austin Consolidated Holdings, Inc.","1550 Peachtree Street, NW , Atlanta , Georgia , 30309 , United States",usprivacy@equifax.com,www.equifax.com,https://www.equifax.com/personal/my-privacy/,18662956801,Adam Higgins,"Austin Consolidated Holdings (""AT"") offers consulting services that focus on the selection and management of vendors and customers. AT licenses commercial business data, specifically business contact lists that include personal information about associated individuals. This information may encompass company names and addresses, contact names, email addresses, and phone numbers, some of which may not be publicly accessible. AT ensures that its data providers comply with all relevant state and federal laws regarding opt-out requirements. ",Yes,No,,,0,,none,Courtenay Brooks,"Sr. Director, Data Privacy",1/15/2026
20240089,IXI Corporation,"1550 Peachtree Street, NW , Atlanta , Georgia , 30309 , United States",usprivacy@equifax.com,www.equifax.com,https://www.equifax.com/personal/my-privacy/,18662956801,Adam Higgins,"IXI Corporation (""IXI"") collects, analyzes, and delivers aggregated and anonymized data on wealth and assets. This financial data offers insights into consumer spending, wealth, income, and market trends based on geographical locations. Consumers have the option to opt out of having their information shared with IXI by contacting the appropriate data provider or having their information used by IXI by contacting Equifax.",Yes,No,,,0,,none,Courtenay Brooks,"Sr. Director, Data Privacy",1/15/2026
20240088,"Dataline, Inc.","506 Carnegie Center Drive, Suite 105 , Princeton , New Jersey , 08540 , United States",psobel@datalinedata.com,www.datalilnedata.com,https://datalinedata.com/privacy-policy/,6094526014,Paul Sobel,The database consists of transactional marketing data and demographic information.  The transactional marketing data consists of purchases of products and services. ,Yes,No,,,0,,Our clients provide us with their first party customer data which must be opted-in.  ,Paul Sobel,President,9/18/2025
20240087,Catalist LLC,"1310 L ST NW , WASHINGTON , DC , 20005-4689 , United States",privacy@catalist.us,www.catalist.us,https://catalist.us/privacy-policy/,2029627250,Gary Gruver,"Processed: Identifiers, internet or electronic network activity information, commercial or transactions information, professional or employment-related information, data collected on our website, and data collected from current and prospective Clients
Processed and transferred: Identifiers, commercial or transactions information, and professional or employment-related information information",Yes,No,,,0,,Additional information regarding Catalist’s data collection practices is available on our privacy page (catalist.us/privacy-policy).,Gary Gruver,CFO,12/9/2025
20240084,"Spokeo, Inc.","199 S. Los Robles Ave Suite 711 , Pasadena , California , 91101 , United States",legal@spokeo.com,www.spokeo.com,www.spokeo.com/privacy-policy,6263969499,Jason Matthes,"Spokeo collects publicly available information for the purpose of making it available to individuals, businesses, and government agencies that use Spokeo’s products and services, including the Spokeo.com people search. Spokeo aggregates the following eight categories of publicly available information:

(i) Consumer Indexes - Records of consumer profiles detailing age, name, address and other demographic details drawn from marketing databases;

(ii) Phone Directories - Phone numbers drawn from white pages telephone directories;

(iii) Email Databases - Email addresses linked to marketing demographic data;

(iv) Property Records - Public property records from government offices around the country, including real estate deeds and assessor records;

(v) Social Networks - Public social profiles drawn from social networks;

(vi) Court Records - Public criminal records from government offices across the U.S. Contains arrest and most wanted warrants, driving violations, sex offender data and fugitive records;

(vii) Business Directories - Business listings pulled from the yellow pages telephone directories and other business directories. These listings include name, title, business address, website and email; and

(viii) Vital Statistics - Public records about life events documented by the government, including birth certificates, marriage licenses and death certificates.

Spokeo also collects and processes information regulated under certain federal laws such as the Gramm-Leach-Bliley Act.  ",Yes,No,,,0,,"The information sold by Spokeo consists of ""publicly available information"" as defined by Chapter 509 of the Business and Commerce Code, which is excluded from the definition of ""personal information"" and subject to First Amendment protections for free speech.  Spokeo also collects and sells information regulated by the Gramm-Leach-Bliley Act,  which is also excluded from the definition of ""personal information."" 

Nevertheless, Spokeo elects to be included in this registry to inform TX residents about the nature of the information that Spokeo sells and how to opt-out from having publicly available information about them available for sale on Spokeo's public websites.

The categories of publicly available information that Spokeo sells are described in Spokeo's Privacy Policy located at https://www.spokeo.com/privacy-policy and in the ""Where does Spokeo's profile data come from?"" section on this webpage: https://www.spokeo.com/privacy/control/all-categories.

Spokeo enables all consumers, including TX residents, to opt out from having their publicly available information available for sale on Spokeo's public websites. Consumers may complete their opt out request online by using our self-help tool located at https://www.spokeo.com/optout.  As of the writing of this registration, an opt out completed from this page will opt a consumer out from all Spokeo websites except Thatsthem.com.  

To opt out from having their publicly available information available for sale on Thatsthem.com, consumers may submit their opt out request at https://thatsthem.com/optout.

Consumers may also submit their opt-out request by contacting Spokeo Customer Care via any of the contact methods listed at https://www.spokeo.com/contact (which includes a nationwide toll free number).  Spokeo's Customer Care agents will gladly assist consumers with completing an opt out request for all of Spokeo's websites.",Jason Matthes,Chief Legal Officer,11/25/2025
20240081,Digital Viking Media,"13681 Newport Ave, Suite 8-226 , Tustin , California , 92780 , United States",privacy@digitalvikingmedia.com,www.digitalvikingmedia.com,https://www.digitalvikingmedia.com/privacy-policy,5032030001,Jen Harold,Consumer contact data that have opted into advertising campaigns,Yes,No,,,0,,Not applicable,Jennifer Harold,COO,9/25/2025
20240080,MediaZod LLC dba LeadZod,"3418 Stocktie Road , Charlotte , North Carolina , 28210 , United States",Brian@leadzod.com,HTTP://leadzod.com,,9546481439,Brian Tompakov,"Leadzod specifically hires publishers to generate custom opt in leads for advertisers through an explicit consent process allowing the consumer to chose whether or not they opt in. Tcpa disclaimer language is shown at time of opt in. Basic contact information is collected by publisher owned and operated or partnered websites upon registration. Name, email, phone, address, date of birth,gender. Some or all of this information is transferred to advertiser if the consumer directly opts in to the ad the advertiser has shown.",No,No,,,0,,"Leadzod specifically hires publishers to generate custom opt in leads for advertisers through an explicit consent process allowing the consumer to chose whether or not they opt in. Tcpa disclaimer language is shown at time of opt in. Basic contact information is collected by publisher owned and operated or partnered websites upon registration. Name, email, phone, address, date of birth,gender. Some or all of this information is transferred to advertiser if the consumer directly opts in to the ad the advertiser has shown.",Brian Tompakov,CEO,1/30/2025
20240079,"Address Clearing House, LLC","16192 Coastal Highway, Lewes, DE 19958 United States , Lewes , Delaware , 19958 , United States",privacy@achcoop.com,https://www.achcoop.com/,https://www.achcoop.com/privacy-policy,3024800432,Lisa Baldiviez,"Full name, address, city, state, zip code",Yes,No,,,0,,"ACH takes all necessary steps to ensure that the data we collect, license, and process is housed and transmitted securely. ACH adheres to all federal and state privacy laws, as well as self-regulatory industry principles. ACH follows industry standards on information security management to safeguard personal information which includes physical and electronic security, including, but not limited to firewall protections and encryption. ",Lisa Baldiviez,Data Manager,11/21/2025
20240078,Acxiom LLC,"301 East Dave Ward Drive , Conway , Arkansas , 72032 , United States",Jordan.Abbott@acxiom.com,https://www.acxiom.com/privacy/,https://www.acxiom.com/privacy/us/consumer-instructions/,5013420356,Jordan Abbott,"•	Personal identifiers (e.g., name, alias, postal address, IP address, email address, account name, Social Security number, telephone number, wireless number, mobile advertising identification number (MAID))
•	Personal Characteristics
•	Personal Property or Buying Activity/Interest (e.g., commercial or transaction information)
•	Internet Activity (interest based on web site type, source URL)
•	Geo Location
•	Employment Information
•	Education Information
•	Inferences (e.g., inferences drawn to create a profile about a consumer reflecting the consumer’s preferences)",Yes,No,,,0,,"Acxiom’s data products contain only the information required for their intended use. Acxiom’s data products are designed for a specific use by our clients that have a legitimate need for the product. 

Products for Marketing and Advertising Purposes: 
These products contain information about individuals and households in the U.S. and are developed from many sources, including: 
•	Public record and publicly available information: Examples include real property recorder records and assessor records 
•	Data from other information providers (sometimes called “data brokers”): 
Examples include demographic information, consumer contact information, surveys, and questionnaires with appropriate notice regarding what information is collected, why it is being used, and with whom it is being shared. Acxiom also collects summarized or aggregated purchase information and other aggregated information. 
The Acxiom marketing and advertising products we license to clients do not include specific details about a purchase, detailed financial information, credit information, or information identifying or revealing a person’s past, present, or future, physical or mental health condition.  Except as permitted by Texas law, Acxiom does not process sensitive data of Texas individuals.       ",Jordan Abbott,Chief Privacy Officer,11/12/2025
20240076,"Fideo Intelligence, Inc.","1580 N LOGAN ST , DENVER , CO , 80203-1939 , United States",legal@fideo.ai,www.fideo.ai,https://app.fideo.ai/your-privacy-choices,18883306943,Jason Soni,"Public Profile Data
Examples: full name, email address, age, gender, social media profile URLs, company name, company bio, general location, education, job title

Contact Information
Examples: full name, social media profile URLs, email address, phone number, mobile advertising ID and other online identifiers

Demographic Information
Examples: age (date of birth), gender, marital status, education status, occupation status, home ownership status, income range

Professional Information
Examples: company name, job title, company location, company contact information, employment history

Commercial Information
Examples: social affinities, interests and hobbies, purchasing or consuming histories or tendencies",No,No,,,0,,"Please visit our comprehensive privacy policy available at: https://www.fideo.ai/privacy/privacy-policy/ for complete details on our our privacy practices. We also make a privacy portal available to all consumers to exercise general privacy rights such as access, correction, and deletion -- see https://app.fideo.ai/your-privacy-choices.",Jason Soni,General Counsel & DPO,9/22/2025
20240074,"FOREWARN, LLC","2650 N Military Trail , Boca Raton , Florida , 33431 , United States",Statebasedprivacy@FOREWARN.com,https://www.forewarn.com/,,8555180897,Alexa Santora,"Information we may collect includes names, postal addresses, email addresses, telephone and mobile phone numbers, age, financial information, property information, and public records.  FOREWARN’s products and services contain information that is collected, processed, sold, or disclosed subject to the Gramm-Leach-Bliley Act (GLBA), pursuant to the Driver’s Privacy Protection Act of 1994 (DPPA), and/or is considered publicly available information.
",Yes,No,,,0,N/A,Please see our privacy policy at https://www.forewarn.com/privacy-policy/ for details concerning our collection practices.,Alexa Santora,"Vice President, Legal",1/17/2025
20240071,"NextRoll, Inc.","2300 Harrison Street , San Francisco  , California , 94110 , United States",legal@nextroll.com,https://www.nextroll.com/,https://www.nextroll.com/privacy,7734140839,Deborah Usry,"We collect the following categories of data in the provision of our Services for the purposes set forth in our Privacy Notice:

Data You or Our Customers Provide To Us:
- Email and CRM data from our Customers
- Shopping data
- Hashed email addresses
- Data We Receive in Our Corporate Capacity

Data We Automatically Collect From Your Device:
- Cookies
- Device information
- IP Address
- Location Data
- Browser Data
- Activity on Customers’ Digital Properties
- Ad data

Data We Collect From Third Party Sources:
- Campaign Performance Data
- Data from Audience Partners
- Data from Advertising Partners

Data collected pursuant to RollWorks Business only:
- Email Communications
- Contact data from third parties

We collect the following categories of data on our NextRoll website set forth in our Privacy Notice found at https://www.nextroll.com/privacy#website:

Data You Provide To Us:
- Contact Information
- Account Information
- Customer Service Information
- Financial Information 
- Hashed Email Addresses
- Information About Your Business

Data We Automatically Collect From Your Device:
- Cookies
- Device Information
- IP Address
- Location Data
- Browser Data
- Activity on our Digital Properties
- Ad Data

Data We Collect From Third Party Sources:
- Data from Audience Partners
- Data from Advertising Partners
- Contact Data from Third Parties 
",Yes,No,,,0,0,"NextRoll’s data handling practices can be found in our Privacy Notice at https://www.nextroll.com/privacy 




",Deborah Usry,Senior Privacy and Product Counsel,12/26/2025
20240069,"INTERACTIVE DATA, LLC","2650 N MILITARY TRAIL, SUITE 300 , BOCA RATON , Florida , 33431 , United States",Statebasedprivacy@ididata.com,https://www.ididata.com/idis-privacy-statement/,,8883766659,Alexa Santora,"(1) Identifiers (such as name, alias, address, telephone number, IP address, device information and identifiers, date of birth, and email address.)
(2) Other Personal information (such as employment and employment history, college attended, college graduation date, college major, financial information, and other unique personal identifiers.)
(3) Protected characteristics under federal law (such as age, gender, and marital status.)
(4) Commercial Information (such as records of personal property.)
(5) Internet or other similar network activity (such as information relating to your browser history, search history, online behavior, interest data, and interactions with websites, applications, systems, and advertisements.)
(6) Professional or employment information (such as job title, work history and information, and professional licenses.)
(7) Inferences drawn from other personal information (such as preferences and characteristics determined by websites visited and an individual’s estimated income and/or estimated affluence.)",Yes,No,,,0,N/A,Please see our privacy policy at https://www.ididata.com/idis-privacy-statement/ for details concerning our collection practices.,Alexa Santora,"Vice President, Legal",1/17/2025
20240067,WINR Data B.V.,"Keizersgracht 127
1015CJ, Amsterdam
Netherlands",privacyoffice@winrdata.com,https://www.winrdata.com/,https://www.winrdata.com/privacy-policy-us/,31687978400,Malcolm Treanor,"Personal data of individuals aged 18 years or older. 
The data types can be summarised into the following categories:
Identity – This relates to information including full name, date of birth, and gender.
Contact – This relates to information including residential address, email address, and telephone number.
Technical – This relates to information including data source, and IP address.
We do not collect, process or sell sensitive data.",Yes,No,,,0,,"As a data broker, we source non-sensitive personal information from our data partners from online competitions, sales promotions, prize draws, surveys, coupon and sample websites. We provide multinational FinTech and AdTech companies with data driven identity verification and identity resolution services and solutions.",Bob Sparshatt,Chief Data Officer,2/2/2026
20240066,"LeadIQ, Inc.","548 Market Street, PMB 20317 , San Francisco , California , 94104 , United States",accounting@leadiq.com,www.leadiq.com,https://leadiq.com/privacy-center,8886532347,Ben Berkovitz,Personal data consisting of full name and professional contact information,No,No,,,0,,,Ben Berkovitz,Accounting Manager,3/2/2026
20240063,"RevOptimal, LLC","612 Andrew Higgins Blvd, Suite 2000 , New Orleans , Louisiana , 70130 , United States",privacy@revoptimal.com,revoptimal.com,https://revoptimal.com/privacy/,5042302388,Nik Heintzen,"We may process and transfer personal information encompassing contact information, demographics, and professional work history.

We may process and transfer non-personal company information encompassing base firmographic data such as company address, domain, company location, SIC_code, number of employees, and linked in URLs.

We also may process and transfer online activity usage data for individuals over the age of 18.

We do not collect, process, or transfer any sensitive personal data or any minor data.",Yes,No,,,0,,Additional details can be found in RevOptimal's privacy policy: https://revoptimal.com/privacy/,Zane Witherspoon,Authorized Registrant,1/29/2026
20240061,"Labels & Lists, Inc","18912 N CREEK PKWY BLDG A , BOTHELL , Washington , 98011 , United States",SCOTT.SEMEL@L2-DATA.COM,L2-data.com,https://www.l2-data.com/,7322994630,Scott Semel,"Voter data, Consumer data, Auto Data.",Yes,No,,,0,,"L2 is a data aggregator from public and private sources and does not collect information directly from individuals.""
",Scott Semel,Controller,1/6/2026
20240059,"Task Genie, Inc.","54 W 21st Street Suite 1001 , New York , New York , 10010 , United States",admin@datalane.com,https://www.datalane.com/,https://www.datalane.com/privacy,9149754714,David Patterson-Cole,"Contact details (name, email address, phone number, and office address), employment details (employer, job title, and department), social media information (social media or professional profile link), and biographical information (work or education history). ",Yes,No,,,0,,,David Patterson-Cole,Co-founder,2/4/2026
20240056,"PaeDae, Inc. dba Infillion","853 Broadway, 21st Floor , New York , New York , 10003 , United States",privacy@infillion.com,www.infillion.com,,18444419869,Keith Petersen,"Identifiers / Contact Data, Demographic Data, Geolocation Data, Internet and Other Network Activity Data, Device Data & Identifiers, Inferences drawn from other personal information and sensitive personal information.

As more fully described here: https://infillion.com/legal/privacy-policy/",Yes,No,,,0,,,Keith Petersen,Chief Legal Officer,4/23/2025
20240055,"All Web Leads, Inc.","9004 Anderson Mill Road, Unit A , Austin , Texas , 78729 , United States",legal@allwebleads.com,www.awl.com,https://awl.com/privacy/,8885227355,Jessica Leirer,"Name, age, address, email, and phone number. May include vehicle data, driving history, insurance and license history, home ownership, gender, self-reported credit rating, marital status, household size and income, health conditions, and medications.",Yes,No,,,0,,N/A,William H. Heusel,"Attorney on behalf of All Web Leads, Inc.",4/10/2026
20240053,"Bridg, a division of Cardlytics, Inc.","1849 Sawtelle Blvd, Suite 700 , Los Angeles , California , 90025 , United States",legalnotices@cardlytics.com,www.bridg.com,https://www.bridg.com/privacy-policy,8887925802,Jamie Koo,"Identifiers, such as name, postal and email address, telephone number, and other contact information, and online identifiers such as device IDs and IP addresses; Commercial Information, including your purchase history and data about your purchasing tendencies; Internet or Other Network Activity, including information regarding your interaction with a website; Geolocation Data (but not precise geolocation data) for retail locations where purchases were made;  and Professional or Employment Information, including your industry sector or segment and salary range; Education Information, including your education level; and Inferences that have been drawn from the above-listed information.

",Yes,No,,,0,,"For additional information about Bridg’s collection, use, sale and disclosure of personal information please visit: https://bridg.com/privacy-policy/",Jamie Koo,Assistant General Counsel,1/7/2026
20240050,"Webbula, LLC","6041 Wallace Road Extension, Suite 210 , Wexford , Pennsylvania , 15090 , United States",legal@webbula.com,https://webbula.com,https://webbula.com/privacy-center/,18889922285,Tim Fitzgerald,"The majority of our business consists of services that involve personal information to provide or support data hygiene services, i.e., to assist companies who wish to purge outdated or potentially fraudulent email or other information, or to supplement it with additional information.  We sometimes also help customers supplement their own list with additional, non-sensitive, customer insight data.  That insight data typically includes relatively innocuous categories such as age range, inferred income range, or personal and demographic data (e.g., presence of pets in the home, interest in sports or music). ",Yes,No,,,0,,"We license our data at an arms length transaction and perform due diligence on clients. Clients shall not use any appended data to advertise, sell, or promote products or services relating to illegal activities, pornography, tobacco or firearms.

Consumers can opt out using Webbula’s Privacy Center located online at: https://webbula.com/privacy-center/ navigating to the Opt-Out tab and completing the form.",Tim Fitzgerald,COO,1/11/2026
20240047,"6Sense Insights, Inc.","450 Mission Street, Suite 201 , San Francisco , California , 94105 , United States",privacy@6sense.com,https://6sense.com,https://6sense.com/privacy-center/,4152129225,Kara Larson,"Categories of personal data transferred may include:
●	Name
●	Email  
●	Company Name
●	Company Business Address(es)
●	Business Phone Numbers (corporate, direct dial, mobile)
●	Job Title/Job Role
●	Education 
●	Employment-Related Information     
●	Social Media Profile(s) 
",Yes,No,,,0,,Please see our privacy policy at https://6sense.com/privacy-policy/ for additional information. The B2B Contact Data that we make available to our customers is typically publicly available.,Kara Larson,Assistant General Counsel - Privacy & Compliance,1/9/2026
20240046,Black Pearl Group Limited,"Level 3
40 Johnston Street
Wellington 6011
New Zealand",legal@blackpearl.com,blackpearl.com,,6421981975,Richard Doone,"- Personal identifiers
- Demographic information
- Geolocation data excluding GPS data
- Employment related information
- Educational information",Yes,No,,,0,,,Richard Doone,Head of Infrastructure & Security,4/8/2025
20240045,"PubMatic, Inc.","601 Marshall Street , Redwood City , California , 94063 , United States",privacy@pubmatic.com,pubmatic.com,https://pubmatic.com/legal/privacy-policy/,6503313485,Courtney Cantor,"With respect to PubMatic's advertising technology services and in relation to its data broker status, PubMatic processes pseudonymous data such as:

Unique cookie and device identifiers
Mobile device advertising identifiers
IP addresses
Browser and device information
Web browsing history from advertising impressions
Information about end user engagement with ads
Information about end user behavior on Digital Properties

and pseudonymous user data such as:

Demographic data
Location data
Obfuscated user identifiers such as hashed email addresses
Information similar to the information described in “Data Our Ad Services Collects” above)
ID Syncing Data

Separately, via PubMatic properties, the personal information we collect may include when submitted by an end user: contact information (such as name, address, telephone number, or email address) and contact preferences. It may also include professional information, such as job title, department or job role, and the nature of an individual’s request or communication. Also, the information we collect automatically may include IP address, operating system type and version, device type, mobile device identifier, browser type and version, cookie ID, an individual’s activities on the PubMatic Properties, and other information about the individual’s system and connection and how the individual interacts with the PubMatic Properties.",Yes,No,,,0,,,Courtney Cantor,Assistant General Counsel,2/3/2026
20240044,"Digital Segment, LLC","1305 Sunnyslope Ct , Auburn , Alabama , 36832 , United States",bschorer@digitalsegment.com,www.digitalsegment.com,,9494007828,Brad Schorer,"We collect public record information on US based adult consumers and business.  This data includes postal addresses, emails, phone numbers, and certain demographic or firmagraphic information. ",Yes,No,,,0,,All data is collected from public record information or information that the consumer willfully provides online.  We maintain a robust opt out processes including an API for bulk requests and an individual web site for consumers.,Brad Schorer,CEO,1/14/2025
20240043,"Semasio, Inc.","118 KING ST , SAN FRANCISCO , CA , 94107-1905 , United States",info@semasio.com,www.semasio.com,,4154005750,Aden Zaman,"Online Identifiers, such as Cookie IDs, MAIDs, IP addresses, user IDs
Internet or other electronic network activity information ",No,No,,,0,,,Philippus von Neree,Secretary,3/11/2025
20240042,EproDirect LLC,"1651 NW 1st Court , Boca Raton , Florida , 33432 , United States",tracy.fairman@eprodirect.com,https://eprodirect.com,,5614175513,Tracy Fairman,"Business to Business email addresses.  We are a marketing company for the meetings and hospitality industry.  Our database is comprised of meeting and event planners.  Our clients, hotels, use our database of planners to market meeting spaces, hotel rooms, etc for conferences, events, and incentives.  ",Yes,No,,,0,,"We are a business to business email marketing company.  Our database is comprised of individuals that plan meetings and events.  All individuals are confirmed by belonging to industry associations, LinkedIn job search, referral from other meeting and event planners, and requesting to sign up.  ",Tracy Fairman,CEO,2/3/2025
20240041,"Specialists Marketing Services, Inc.","250 Pehle Avenue , Saddle Brook , New Jersey , 07663 , United States",dataprivacyteam@sms-inc.com,www.sms-inc.com,https://sms-inc.com/privacy-notice/,2018655800,Joanne Adams,"SMS collects the following categories of information about consumers:

Name/address
Demographic
Interest-based data
Device
Browser
Email, clear or hashed
IP address
Telephone
Inferences about your predicted characteristics and preferences
Other information about you that is linked to personal information above, for example, information on individuals who have recently moved, purchased a home, obtained a hunting license, registered a boat.",Yes,No,,,0,,SMS aggregates data from third-parties following our data source credentialing process.,Joanne Adams,"COO, Data Solutions",12/30/2025
20240038,"First Direct, Inc","1508 J F Kennedy Dr, Suite 102 , Bellevue , Nebraska , 68005 , United States",privacy@firstdirectmarketing.com,https://firstdirectmarketing.com,https://compliance.firstdirectmarketing.com/,4024030000,Joel Buhr,"First Direct processes and transfers consumer contact and demographic data for direct mail and advertising purposes. The categories of personal data may include, but are not limited to:

• First and last name
• Postal mailing address, including street address, city, state, and ZIP code
• Telephone number (when available)
• Month and year of birth (when available)
• Age or age range
• Gender indicator
• Homeownership status (e.g., homeowner or renter)
• Dwelling and household characteristics, such as residence type and length of residence
• Modeled, inferred, or aggregated demographic attributes commonly used for marketing segmentation (e.g., household composition, income range, lifestyle or interest indicators)

First Direct does not collect, process, or transfer full dates of birth (day-level), Social Security numbers, government-issued identification numbers, financial account information, precise geolocation data, biometric data, health information, or other sensitive personal data as defined under applicable privacy laws.",Yes,No,,,0,,"First Direct acquires data on an as-needed basis in response to specific client requests. Data is obtained from established third-party data providers that represent and warrant compliance with applicable federal and state privacy and data protection laws.

First Direct does not collect data directly from consumers, does not engage in continuous or indiscriminate data scraping, and does not independently generate sensitive personal data. Data is used solely for marketing and advertising purposes and is not used for credit, employment, insurance, housing, or eligibility determinations.",Joel C Buhr/President,President,1/5/2026
20240037,"Blue Hill Marketing Solutions, Inc. d/b/a LiftEngine","1 Blue Hill Plaza, Ste 1509, Lobby Level , Pearl River , New York , 10965 , United States",khuntoon@liftengine.com,www.liftengine.com,,2124020171,Keith Huntoon,"Consumer data that includes name/address and email. Data about individuals includes demographics, hobbies and transactional data. LiftEngine also processes information about businesses, including name, address, number of employees, etc. Data is not collected surreptitiously from cookies or other online tracking across websites. We do not use cookies or other online identifiers.",Yes,No,,,0,,"LiftEngine Licenses data from a number of publicly held, highly regarded companies that have rigorous data collection policies in place. LiftEngine also offers all US consumers, including all of the residents of Texas, the right to opt out of the sale of their data and the deletion of it from LiftEngine's consumer database. LiftEngine's infrastructure and security policies/practices are audited annually.   ",Keith Huntoon,President,2/18/2025
20240035,"Knowledge Works, Inc.","1550 Peachtree Street, NW , Atlanta , GA , 30309 , United States",usprivacy@equifax.com,https://sbinsights.paynetonline.com/why-register/,https://www.equifax.com/personal/my-privacy/,18662956801,Adam Higgins,"Knowledge Works, Inc. offers commercial credit risk underwriting and management solutions for online and alternative finance lenders and commercial finance and leasing companies. The company collects and maintains financial data, including information about business loans, leases, and lines of credit. This data helps lenders assess credit risk when deciding whether to approve financing for small businesses.",Yes,No,,,0,,"Knowledge Works, Inc. d.b.a. PayNet",Courtenay Brooks,"Sr. Director, Data Privacy",1/15/2026
20240030,"Lead Intelligence, Inc. D/B/A InfutorData","5900 BALCONES DR , AUSTIN , TX , 78731-4298 , United States",vmsprivacy@verisk.com,https://marketing.verisk.com/,https://marketing.verisk.com/privacy-center/,8008884476,Matt Lohman ,"The personal information we collect in connection with our Data Services is as follows:

Personal Information Collected from Third Party Sources When we provide our Data Services, we leverage personal information data we receive from a variety of sources, including through websites and mobile apps, public records and other publicly available sources, government entities, social networks, our customers, consumer data resellers, and other data compilers.

The personal information we collect from the various sources may include (on the individual, household, or geographic level), such as:

Contact information, such as your name, address, and other contact information.
Professional information, including occupation and job title.
Particular interests, such as (for instance) home improvement, music, online shopping, health and beauty sport, or travel, or political leanings, and the organizations to which you belong or have belonged, or to which you have contributed.
Demographic information, such as age, gender, level of education, or likely income range.
Publicly available information, such as information that available in the public domain or from government public records.
Inferences, which may include any of the categories of personal information listed in this section – for instance, if a household is in a particularly wealthy area, we might infer a particular income range; if a person’s name is ""Catherine"" we might infer gender as likely female.",Yes,No,,,0,,Please refer to our privacy notices: https://marketing.verisk.com/privacy-notices/,Helen Adewale ,Privacy Analyst II,2/23/2026
20240029,"SheerID, Inc.","1300 SW 5th Avenue , Portland , Oregon , 97201 , United States",greg.damon@sheerid.com,https://www.sheerid.com/,https://www.sheerid.com/global-privacy-policy/,5033206614,Gregory Damon,"Personal information which may include name, date of birth, contact information (email address, physical address, etc.) and affiliation",Yes,No,,,0,,"In its capacity as a data broker, SheerID does not sell or share any personally identifiable information (""PII"") that SheerID collects directly from consumers.  Instead, SheerID only resells lists that are compiled by third parties.  Specifically, SheerID's customers (all of which are merchants) provide SheerID with criteria that those customers would like to use to enhance their ability to target their direct marketing campaign (such as: current students, retired military personnel, etc.).  SheerID identifies third parties who can provide lists that meet the customers' criteria, purchases those lists, and then resells those lists to its customers.  Importantly, SheerID prohibits its employees from accessing the lists themselves; SheerID simply receives the files (often in .zip format) from its data sources and then uploads those files to its customers' accounts.  Furthermore, SheerID's contracts with its data sources require that those entities comply with all applicable data privacy laws while collecting, processing, and selling PII.",Gregory Damon,DPO/Senior Director of Data Privacy & Compliance,12/29/2025
20240028,Equifax Information Services LLC,"1550 Peachtree Street, NW , Atlanta , Georgia , 30309 , United States",usprivacy@equifax.com,www.equifax.com,https://www.equifax.com/personal/my-privacy/,18662956801,Adam Higgins,"Equifax Information Services LLC (""Equifax"") provides consumer credit report information from its credit reporting database per the FCRA.  Personal information obtained through its credit reporting business or maintained in its ID Mart, Phone Number Data Mart and DOB Data Mart databases may be sold consistent with the Gramm-Leach-Bliley Act and other applicable laws. Equifax maintains commercial credit databases from contributing commercial creditors, which may be sold for use in connection with commercial credit or risk decisions.",Yes,No,,,0,,none,Courtenay Brooks,"Sr. Director, Data Privacy",1/15/2026
20240025,Amerilist Inc,"40 Ramland Rd So Ste 203B , Orangeburg , New York , 10962 , United States",info@amerilist.com,www.amerilist.com,,8453626737,Ravi Backerdan,Consumer and Business Databases ,Yes,No,,,0,,We do not collect data but rather assist our clients in renting data from list compilers and owners.,Ravi Backerdan,Officer,2/1/2025
20240024,Decide Technologies Inc.,"1314 Washington Ave , St. Louis , Missouri , 63103 , United States",privacy@decide.co,decide.co,https://decide.co/privacy,8009835280,Emily Adair,"Identifiers (name, alias, online identifier, Internet Protocol address, email address, account name)
Unique personal identifiers (device identifier; cookies, beacons, pixel tags, mobile ad identifiers, or other similar technology; customer number, unique pseudonym or user alias, or other forms of persistent or probabilistic identifiers that can be used to identify a particular consumer or device)
Commercial information (records of personal property, products or services purchased, obtained or considered; other purchasing or consuming histories or tendencies)
Internet or other electronic network activity information (browsing history; and information regarding consumer’s interaction with website, application or advertisement)
Geolocation data
Inferences drawn from above information to create a profile about a consumer reflecting the consumer’s preferences, characteristics, psychological trends, predispositions, behavior, attitudes, intelligence, abilities, and aptitudes 
Complete information can be found at https://decide.co/privacy.",Yes,No,,,0,,'-,Emily Adair,VP of People,1/26/2026
20240023,"Simio Cloud, LLC","10155 Westmoor Drive, Bldg. 3, Suite 165 , Westminster , Colorado , 80021 , United States",Privacy@simiocloud.com,simiocloud.com,https://simiocloud.com/simiocloud-products-services-privacy-policy/,8666003430,Jeff Tooley,"•	Personal identifiers (e.g., name, alias, postal address, email address, account name, or similar identifiers)
•	Personal Property or Buying Activity/Interest (e.g., commercial or transaction information)
•	Internet Activity (interest based on web site type, source URL)
•	Employment Information
•	Education Information
•	Inferences (e.g., inferences drawn to create a profile about a consumer reflecting the consumer’s preferences)
",Yes,No,,,0,,"Through the SimioCloud website, simiocloud.com, consumers may opt-out of the sale of personal information and opt-out of receiving promotional communications from SimioCloud related to its products.  A request to opt-out of the sale of personal information effectively removes the personal information from SimioCloud's database that it uses to provide its products to its customers.",Jeffrey Tooley,General Counsel,10/16/2025
20240020,Magnite Inc,"6080 Center Drive, 4th Floore , Los Angeles , California , 90045 , United States",privacy@magnite.com,www.magnite.com,https://www.magnite.com/legal/user-choice-portal/,3102070272,Rachel Glasser,"Magnite provides services that connect buyers of advertising inventory (advertisers) with sellers of advertising inventory (publishers). Our technology and services, known as a “supply side platform” in the advertising industry, enable the opportunity to display a buyer’s advertisement on a seller’s digital media property. To provide these services, we process and transfer certain personal data, described below.  

Log Information:  Information about the type of browser used, app version, access times, pages viewed, and the pages visited before navigating to digital media properties of our clients. 
Device Information: information about the computer or mobile device, such as device make, device model, device operating system, device operating system version, and data connection type, and Internet Service Provider used.  
Derived information: information from third parties at the instruction or for the benefit of our clients that provide user demographics and information with respect to a user’s preferences, patterns, click and video interactions, behaviors or interests, as well as advertisers and advertising platforms that provide information to us in order to match an ad opportunity offered by our clients with the right advertisement. 

Certain  personal data Magnite processes and transfers may constitute “Sensitive Data” under Tex. Bus. & Com. § 509.001 et seq., which may include information identifying an individual's online activities over time accessing multiple internet websites or online services and information. Sensitive data may also include precise geolocation data, which Magnite processes and transfers only if our clients provide it. 
",Yes,No,,,0,,,Rachel Glasser,Chief Privacy Officer,10/31/2025
20240019,Heartbeat.ai Inc,"8 THE GREEN , DOVER , Delaware , 19901 , United States",ben@swordfishapp.com,https://www.heartbeat.ai/,https://heartbeat.ai/texas-privacy-rights,13323334114,Ben Argeband,"Employee data and personal data namely; job titles, company name, phone numbers, email addresses, home addresses and social media profiles.",Yes,No,,,0,,,Ben Argeband,CEO,12/22/2025
20240018,SWORDFISH AI INC,"8 THE GREEN , DOVER , Delaware , 19901 , United States",ben@swordfishapp.com,https://swordfish.ai/,https://swordfish.ai/texas-privacy-rights,13323334114,Ben Argeband,"Employee data and personal data namely; job titles, company name, phone numbers, email addresses, home addresses and social media profiles.",Yes,No,,,0,,,Ben Argeband,CEO,12/22/2025
20240016,"HireTeamMate, Inc. dba hireEZ","2513 E. Charleston Rd. Suite 200 , Mountain View , California , 94043 , United States",privacy@hireez.com,www.hireez.com,https://app.hireez.com/policies/databrokerregistration,18887979291,Alex Diamond,Non-publicly available information processed and transferred is limited to: email addresses and telephone numbers.,Yes,No,,,0,,hireEZ collects personal information solely for recruitment purposes - specifically to connect a passive job candidate with companies who are looking for someone with desired skill sets and professional background. hireEZ aspires to help a candidate get to where he or she wants to be professionally.,Alex Diamond,Product & Privacy Counsel,3/25/2026
20240013,"I360, LLC","2300 Clarendon Blvd, Suite 800 , Arlington , Virginia , 22201 , United States",privacy@i-360.com,https://www.i-360.com,https://www.i-360.com/disclosures/,8446112737,Lisa Wetzel,"Contact Information: Name, address, telephone number, email, state and county voter registration IDs.
Employment Data: company name, job title, and an income range.
Consumer preference data: purchased from third party providers.",Yes,No,,,0,,"i360 does not publicly post information online and performs due diligence before allowing third parties to access its products and services. i360 contractually requires third parties accessing its products and services to comply with the law, including applicable data protection laws, and industry standards and guidelines. Additional information about data collecting practices can be found at www.i-360.com/privacy-policy.",Lisa Wetzel,Director Data Services,12/17/2025
20240012,"Experian Information Solutions, Inc.","475 Anton Blvd , Costa Mesa , California , 92626-7037 , United States",privacy@experian.com,https://www.experian.com,https://www.experian.com/privacy/us-consumer-data-privacy-policy,18332104615,Karen Parker,"Experian Information Solutions processes and transfers various categories of personal information across its different business units:

General Information: Experian Information Solutions handles personal and online identifiers, including first and last names, postal addresses, telephone numbers, social security numbers, driver's license numbers, email addresses, and unique online identifiers.

Commercial Business: In the Commercial Business unit, Experian collects contact names, addresses, email addresses, and phone numbers as part of its business marketing data file for commercial purposes. This data is also used for commercial credit reporting, advertising, and analysis.

Auto Business: The Auto Business unit of Experian Information Solutions processes and transfers personal and online identifiers such as first and last names, postal addresses, telephone numbers, and email addresses. Additionally, it handles commercial or transaction information, including records of personal property, products or services purchased or obtained, vehicle detail information, accident data, and modeled characteristics.",Yes,No,,,0,,N/A,Karen Parker,Compliance Analyst,1/30/2026
20240011,"Experian Marketing Solutions, LLC","1515 E. Woodfield Rd. Suite 500 , Schaumburg , Illinois ,  60173-6046 , United States",privacy@experian.com,www.experian.com,https://www.experian.com/privacy/us-consumer-data-privacy-policy,18332104615,Karen Parker,"Experian Marketing Solutions may process and transfer the following categories of personal information:
-Personal and online identifiers (such as first and last name, postal address, telephone number, social security number, driver’s license, email address, or unique online identifiers)
-Commercial or transactions information (such as records of personal property or products or services purchased, obtained or considered, vehicle information, insurance claims, insurance underwriting information) 
-Internet or other electronic network activity information (such as browsing history, search history, interactions with a website, email, application, or advertisement)
-Geolocation information
-Professional or employment-related information
-Education Information
-Inferences drawn from the above information about your predicted characteristics and preferences

Experian Marketing Solutions may process and transfer the following categories of sensitive personal information:
-A consumer’s racial or ethnic origin, religious or philosophical beliefs, citizenship or immigration status, or union membership.",Yes,No,,,0,No data breaches have occurred preceding the year in which this application is submitted. ,N/A,Karen Parker,Compliance Analyst,1/30/2026
20240010,"LexisNexis, a division of RELX Inc.","1801 Varsity Drive , Raleigh , North Carolina , 27606 , United States",privacy.inquiries@lexisnexis.com,https://www.lexisnexis.com/global/privacy/en/privacy-center-us.page, https://www.lexisnexis.com/en-us/terms/us-privacy-notice.page,8008973259,Sharon Mosconi,"The categories of personal information within the scope of this registration is limited to professional contact details, professional, educational and employment history, and charitable giving history.",Yes,No,,,0,,"For additional information, please visit https://www.lexisnexis.com/en-us/terms/us-privacy-notice.page",Sharon Mosconi,Global Data Protection Officer,1/5/2026
20240007,Deloitte Consulting LLP,"200 Berkeley Street , Boston  , Massachusetts , 02116 , United States",usprivacyquestions@deloitte.com,deloitte.com,datasubject.deloitte.com,8449190711,Roland Baroni,"•	Name
•	Home address
•	Email address
•	Phone number
•	Age or birth year
•	Gender
•	Number of children
•	Demographic information, such as household composition and marital status
•	Financial information, such as ownership of credit or debit cards, investment types, information about the home, and household adjusted gross income
•	Charitable donation information
•	Academic information, such as institutions attended, standardized test scores, high school GPA, and financial aid offers
•	Staffing agency status for potential candidates
•	Sensitive personal information, such as data relating to racial or ethnic origin; national origin; immigration or citizenship status; religious or philosophical beliefs; trade union membership; political opinions; status as victim of a crime; status as transgender or non-binary; or sexual orientation
•	Other information from data brokers, including hobbies and interests, such as purchasing habits, music preferences, outdoor recreational activities and indoor activities
",Yes,No,,,0,,,Roland Baroni,Principal,1/5/2026
20240005,"Next Wave Marketing Strategies, Inc","15527 Jasmine Place , Tustin , California , 92782 , United States",troy@nextwavemarketingstrategies.com,agedleadstore.com,https://agedleadstore.com/privacy-policy/,18882389283,Troy Wilson,"general personal data provided online by consumer with fields such as name, address, phone, email, date of birth, gender, income, etc",Yes,No,,,0,,,Troy Wilson,CEO,2/23/2026
20240003,LiveRamp Holdings Inc.,"225 Bush St. 17th Floor , San Francisco , California , 94104 , United States",consumercare@liveramp.com,www.liveramp.com,https://liveramp.com/privacy/my-privacy-choices,866-853-3267,David Reckert,"Identifiers: unique personal identifiers, online identifier, IP addresses, email addresses, name, postal address, phone number or other similar identifiers 
Internet or electronic network activity information: information regarding a consumer's interaction with a website, application, including cookies, mobile identifiers, IP address, and other custom online identifiers 
",Yes,No,,,0,,,David Reckert,General Counsel and Chief Privacy Officer,12/2/2025
20240002,Deloitte Financial Advisory Services LLP,"30 Rockefeller Plaza , New York , New York , 10112 , United States",usprivacyquestions@deloitte.com,deloitte.com,datasubject.deloitte.com,8449190711,Jessica Raskin,"•	Name
•	Home address
•	Email address
•	Phone number
•	Age or birth year
•	Gender
•	Number of children
•	Demographic information, such as household composition and marital status
•	Financial information, such as ownership of credit or debit cards, investment types, information about your home, and household adjusted gross income 
•	Academic information, such as institutions attended, standardized test scores, high school GPA, and financial aid offers 
•	Due diligence information, related to fraud investigations, business affiliations, litigations, and bankruptcies
•	Sensitive personal information, such as political opinions
•	Other information from data brokers, including your hobbies and interests, such as purchasing habits, music preferences, outdoor recreational activities and indoor activities 

",Yes,No,,,0,,,Jessica Raskin,Managing Director,1/21/2026
20240001,HealthWise Data LLC,"300 Colonial Center Pkwy , Roswell , Georgia , 30076 , United States",tgibson@HealthWisedata.com,www.healthwisedata.com,https://healthwisedata.com/compliance-optout/,9088886061,Todd Gibson,"The HealthWise Data (HWD) universe consists of one record for each US adult (approximately 240 million records).  Each record contains five types of attributes:
•	Identity and location data (i.e., name, address, lat/long of dwelling, some phone numbers, but no email addresses)
•	Demographic information (e.g., age, gender, income, education, occupation, housing characteristics, family size) – most of this is modeled
•	Interests (e.g., hobbies and purchase behaviors)
•	Census profile data regarding the demographic parameters of the individual’s ZIP code 
•	Health/wellness/ailment propensity scores – all of these are modeled

HWD’s database contains none of these:
•	biometric data, as described in 509.001(1)
•	Clinical data
•	Personal Health Information
•	data regarding children 
•	employee/employer data
•	genetic data

",No,No,,,0,,,Todd Gibson,Chief Operating Officer,11/19/2025
